Date,Cash,Portfolio_Value,Total_Equity
2016-01-04,12.7,9987.3,10000.0
2016-01-05,12.7,10006.74,10019.44
2016-01-06,12.7,9841.5,9854.2
2016-01-07,12.7,9591.21,9603.91
2016-01-08,12.7,9559.62,9572.32
2016-01-11,12.7,9408.96,9421.66
2016-01-12,12.7,9326.34,9339.04
2016-01-13,12.7,9173.25,9185.95
2016-01-14,12.7,9299.61,9312.31
2016-01-15,12.7,9107.64,9120.34
2016-01-18,12.7,8930.25,8942.95
2016-01-19,12.7,8954.55,8967.25
2016-01-20,12.7,8869.5,8882.2
2016-01-21,12.7,8893.8,8906.5
2016-01-22,12.7,8956.98,8969.68
2016-01-26,12.7,8857.35,8870.05
2016-01-27,12.7,9107.64,9120.34
2016-01-28,12.7,9088.2,9100.9
2016-01-29,12.7,9523.17,9535.87
2016-02-01,12.7,9549.9,9562.6
2016-02-02,12.7,9117.36,9130.06
2016-02-03,12.7,9331.2,9343.9
2016-02-04,12.7,9627.66,9640.36
2016-02-05,12.7,9562.05,9574.75
2016-02-10,12.7,9515.88,9528.58
2016-02-11,12.7,9282.6,9295.3
2016-02-12,12.7,9411.39,9424.09
2016-02-15,12.7,9489.15,9501.85
2016-02-16,12.7,9656.82,9669.52
2016-02-17,12.7,9792.9,9805.6
2016-02-18,12.7,9768.6,9781.3
2016-02-19,12.7,9780.75,9793.45
2016-02-22,12.7,10196.28,10208.98
2016-02-23,12.7,10038.33,10051.03
2016-02-24,12.7,9933.84,9946.54
2016-02-25,12.7,9865.8,9878.5
2016-02-26,12.7,9780.75,9793.45
2016-02-29,12.7,10072.35,10085.05
2016-03-01,12.7,10388.25,10400.95
2016-03-02,12.7,10570.5,10583.2
2016-03-03,12.7,11105.1,11117.8
2016-03-04,12.7,11566.8,11579.5
2016-03-07,12.7,11608.11,11620.81
2016-03-08,12.7,11591.1,11603.8
2016-03-09,12.7,11481.75,11494.45
2016-03-10,12.7,11809.8,11822.5
2016-03-11,12.7,11775.78,11788.48
2016-03-14,12.7,11452.59,11465.29
2016-03-15,12.7,11119.68,11132.38
2016-03-16,12.7,11250.9,11263.6
2016-03-17,12.7,12040.65,12053.35
2016-03-18,12.7,11955.6,11968.3
2016-03-21,12.7,12079.53,12092.23
2016-03-22,12.7,12045.51,12058.21
2016-03-23,12.7,11712.6,11725.3
2016-03-24,12.7,11756.34,11769.04
2016-03-28,12.7,12028.5,12041.2
2016-03-29,12.7,12064.95,12077.65
2016-03-30,12.7,12072.24,12084.94
2016-03-31,12.7,11819.52,11832.22
2016-04-01,12.7,11936.16,11948.86
2016-04-04,12.7,11501.19,11513.89
2016-04-05,12.7,11508.48,11521.18
2016-04-06,12.7,11377.26,11389.96
2016-04-07,12.7,11433.15,11445.85
2016-04-08,12.7,11887.56,11900.26
2016-04-11,12.7,11809.8,11822.5
2016-04-12,12.7,12283.65,12296.35
2016-04-13,12.7,12516.93,12529.63
2016-04-14,12.7,12368.7,12381.4
2016-04-15,12.7,12565.53,12578.23
2016-04-18,12.7,12441.6,12454.3
2016-04-19,12.7,12694.32,12707.02
2016-04-20,12.7,12623.85,12636.55
2016-04-22,12.7,12465.9,12478.6
2016-04-25,12.7,12235.05,12247.75
2016-04-26,12.7,12519.36,12532.06
2016-04-27,12.7,12847.41,12860.11
2016-04-28,12.7,12793.95,12806.65
2016-04-29,12.7,12672.45,12685.15
2016-05-02,12.7,12618.99,12631.69
2016-05-03,12.7,12344.4,12357.1
2016-05-04,12.7,12397.86,12410.56
2016-05-05,12.7,12230.19,12242.89
2016-05-06,12.7,12225.33,12238.03
2016-05-09,12.7,12033.36,12046.06
2016-05-10,12.7,12533.94,12546.64
2016-05-11,12.7,12448.89,12461.59
2016-05-12,12.7,12502.35,12515.05
2016-05-13,12.7,12203.46,12216.16
2016-05-16,12.7,12176.73,12189.43
2016-05-17,12.7,11999.34,12012.04
2016-05-18,12.7,11904.57,11917.27
2016-05-19,12.7,11882.7,11895.4
2016-05-20,12.7,11732.04,11744.74
2016-05-23,12.7,11595.96,11608.66
2016-05-24,12.7,11627.55,11640.25
2016-05-25,12.7,11646.99,11659.69
2016-05-27,12.7,11566.8,11579.5
2016-05-30,12.7,11544.93,11557.63
2016-05-31,12.7,11425.86,11438.56
2016-06-01,12.7,11537.64,11550.34
2016-06-02,12.7,11761.2,11773.9
2016-06-03,12.7,11931.3,11944.0
2016-06-06,12.7,11870.55,11883.25
2016-06-07,12.7,11894.85,11907.55
2016-06-08,12.7,12210.75,12223.45
2016-06-09,12.7,12067.38,12080.08
2016-06-10,12.7,11649.42,11662.12
2016-06-13,12.7,11688.3,11701.0
2016-06-14,12.7,11445.3,11458.0
2016-06-15,12.7,11518.2,11530.9
2016-06-16,12.7,11664.0,11676.7
2016-06-17,12.7,11668.86,11681.56
2016-06-20,12.7,11829.24,11841.94
2016-06-21,12.7,11992.05,12004.75
2016-06-22,12.7,11802.51,11815.21
2016-06-23,12.7,12176.73,12189.43
2016-06-24,12.7,11802.51,11815.21
2016-06-27,12.7,11627.55,11640.25
2016-06-28,12.7,11821.95,11834.65
2016-06-29,12.7,12030.93,12043.63
2016-06-30,12.7,12125.7,12138.4
2016-07-01,12.7,12322.53,12335.23
2016-07-04,12.7,12395.43,12408.13
2016-07-05,12.7,12210.75,12223.45
2016-07-06,12.7,12247.2,12259.9
2016-07-07,12.7,12266.64,12279.34
2016-07-08,12.7,12526.65,12539.35
2016-07-11,12.7,12708.9,12721.6
2016-07-12,12.7,12772.08,12784.78
2016-07-13,12.7,12857.13,12869.83
2016-07-14,12.7,13027.23,13039.93
2016-07-15,12.7,13109.85,13122.55
2016-07-18,12.7,13335.84,13348.54
2016-07-19,12.7,13377.15,13389.85
2016-07-20,12.7,13357.71,13370.41
2016-07-21,12.7,13347.99,13360.69
2016-07-22,12.7,13377.15,13389.85
2016-07-25,12.7,13389.3,13402.0
2016-07-26,12.7,13377.15,13389.85
2016-07-27,12.7,13377.15,13389.85
2016-07-28,12.7,13365.0,13377.7
2016-07-29,12.7,13530.24,13542.94
2016-08-01,12.7,13374.72,13387.42
2016-08-02,12.7,13219.2,13231.9
2016-08-03,12.7,13435.47,13448.17
2016-08-04,12.7,13564.26,13576.96
2016-08-05,12.7,13571.55,13584.25
2016-08-08,12.7,13576.41,13589.11
2016-08-09,12.7,13590.99,13603.69
2016-08-10,12.7,13396.59,13409.29
2016-08-11,12.7,13727.07,13739.77
2016-08-12,12.7,13731.93,13744.63
2016-08-15,12.7,13909.32,13922.02
2016-08-16,12.7,13843.71,13856.41
2016-08-17,12.7,13967.64,13980.34
2016-08-18,12.7,13933.62,13946.32
2016-08-19,12.7,13936.05,13948.75
2016-08-22,12.7,13620.15,13632.85
2016-08-23,12.7,13608.0,13620.7
2016-08-24,12.7,13583.7,13596.4
2016-08-25,12.7,13622.58,13635.28
2016-08-26,12.7,13598.28,13610.98
2016-08-29,12.7,13814.55,13827.25
2016-08-30,12.7,13824.27,13836.97
2016-08-31,12.7,13590.99,13603.69
2016-09-01,12.7,13668.75,13681.45
2016-09-02,12.7,14033.25,14045.95
2016-09-05,12.7,14016.24,14028.94
2016-09-06,12.7,14123.16,14135.86
2016-09-08,12.7,14164.47,14177.17
2016-09-09,12.7,13622.58,13635.28
2016-09-12,12.7,13780.53,13793.23
2016-09-13,12.7,13406.31,13419.01
2016-09-14,12.7,13408.74,13421.44
2016-09-15,12.7,13617.72,13630.42
2016-09-16,12.7,13462.2,13474.9
2016-09-19,12.7,13488.93,13501.63
2016-09-20,12.7,13583.7,13596.4
2016-09-21,12.7,13765.95,13778.65
2016-09-22,12.7,13889.88,13902.58
2016-09-23,12.7,13916.61,13929.31
2016-09-26,12.7,13671.18,13683.88
2016-09-27,12.7,13765.95,13778.65
2016-09-28,12.7,13996.8,14009.5
2016-09-29,12.7,13719.78,13732.48
2016-09-30,12.7,13744.08,13756.78
2016-10-03,12.7,13984.65,13997.35
2016-10-04,12.7,13965.21,13977.91
2016-10-05,12.7,14140.17,14152.87
2016-10-06,12.7,14305.41,14318.11
2016-10-07,12.7,14390.46,14403.16
2016-10-10,12.7,14519.25,14531.95
2016-10-11,12.7,14341.86,14354.56
2016-10-13,12.7,14407.47,14420.17
2016-10-14,12.7,14555.7,14568.4
2016-10-17,12.7,14769.54,14782.24
2016-10-18,12.7,15029.55,15042.25
2016-10-19,12.7,14898.33,14911.03
2016-10-20,12.7,15010.11,15022.81
2016-10-21,12.7,14954.22,14966.92
2016-10-24,12.7,15097.59,15110.29
2016-10-25,12.7,15034.41,15047.11
2016-10-26,12.7,15063.57,15076.27
2016-10-27,12.7,15092.73,15105.43
2016-10-28,12.7,15136.47,15149.17
2016-10-31,12.7,15284.7,15297.4
2016-11-01,12.7,14908.05,14920.75
2016-11-03,12.7,14570.28,14582.98
2016-11-04,12.7,14458.5,14471.2
2016-11-07,12.7,15114.6,15127.3
2016-11-08,12.7,15114.6,15127.3
2016-11-09,12.7,14874.03,14886.73
2016-11-10,12.7,14392.89,14405.59
2016-11-11,12.7,13955.49,13968.19
2016-11-14,12.7,14111.01,14123.71
2016-11-16,12.7,14324.85,14337.55
2016-11-17,12.7,14008.95,14021.65
2016-11-18,12.7,14101.29,14113.99
2016-11-21,12.7,14361.3,14374.0
2016-11-22,12.7,14592.15,14604.85
2016-11-23,12.7,14611.59,14624.29
2016-11-24,12.7,14429.34,14442.04
2016-11-25,12.7,14482.8,14495.5
2016-11-28,12.7,14786.55,14799.25
2016-11-29,12.7,14383.17,14395.87
2016-11-30,12.7,14580.0,14592.7
2016-12-01,12.7,14045.4,14058.1
2016-12-02,12.7,14186.34,14199.04
2016-12-05,12.7,14045.4,14058.1
2016-12-06,12.7,14363.73,14376.43
2016-12-07,12.7,14460.93,14473.63
2016-12-08,12.7,14531.4,14544.1
2016-12-09,12.7,14232.51,14245.21
2016-12-12,12.7,13911.75,13924.45
2016-12-13,12.7,14042.97,14055.67
2016-12-14,12.7,13685.76,13698.46
2016-12-15,12.7,13753.8,13766.5
2016-12-16,12.7,13710.06,13722.76
2016-12-19,12.7,13413.6,13426.3
2016-12-20,12.7,13537.53,13550.23
2016-12-21,12.7,13535.1,13547.8
2016-12-22,12.7,13603.14,13615.84
2016-12-23,12.7,13695.48,13708.18
2016-12-26,12.7,13841.28,13853.98
2016-12-27,12.7,13804.83,13817.53
2016-12-28,12.7,14055.12,14067.82
2016-12-29,12.7,14152.32,14165.02
2017-01-02,12.7,14004.09,14016.79
2017-01-03,12.7,14519.25,14531.95
2017-01-04,12.7,14519.25,14531.95
2017-01-05,12.7,14592.15,14604.85
2017-01-06,12.7,14543.55,14556.25
2017-01-09,12.7,14516.82,14529.52
2017-01-10,12.7,14640.75,14653.45
2017-01-11,12.7,14694.21,14706.91
2017-01-12,12.7,15066.0,15078.7
2017-01-13,12.7,14988.24,15000.94
2017-01-16,12.7,15041.7,15054.4
2017-01-17,12.7,15134.04,15146.74
2017-01-18,12.7,15041.7,15054.4
2017-01-19,12.7,15090.3,15103.0
2017-01-20,12.7,15204.51,15217.21
2017-01-23,12.7,15503.4,15516.1
2017-01-24,12.7,15530.13,15542.83
2017-01-26,12.7,15600.6,15613.3
2017-01-27,12.7,15554.43,15567.13
2017-01-30,12.7,15129.18,15141.88
2017-01-31,12.7,15160.77,15173.47
2017-02-01,12.7,15238.53,15251.23
2017-02-02,12.7,15223.95,15236.65
2017-02-03,12.7,15330.87,15343.57
2017-02-06,12.7,15068.43,15081.13
2017-02-07,12.7,15068.43,15081.13
2017-02-08,12.7,15277.41,15290.11
2017-02-09,12.7,15267.69,15280.39
2017-02-10,12.7,15549.57,15562.27
2017-02-13,12.7,15717.24,15729.94
2017-02-14,12.7,15807.15,15819.85
2017-02-15,12.7,16001.55,16014.25
2017-02-16,12.7,15940.8,15953.5
2017-02-17,12.7,15897.06,15909.76
2017-02-20,12.7,16123.05,16135.75
2017-02-21,12.7,16254.27,16266.97
2017-02-22,12.7,16154.64,16167.34
2017-02-23,12.7,15872.76,15885.46
2017-02-24,12.7,15673.5,15686.2
2017-03-01,12.7,15753.69,15766.39
2017-03-02,12.7,15430.5,15443.2
2017-03-03,12.7,15697.8,15710.5
2017-03-06,12.7,15600.6,15613.3
2017-03-07,12.7,15508.26,15520.96
2017-03-08,12.7,15219.09,15231.79
2017-03-09,12.7,15155.91,15168.61
2017-03-10,12.7,15199.65,15212.35
2017-03-13,12.7,15423.21,15435.91
2017-03-14,12.7,15248.25,15260.95
2017-03-15,12.7,15578.73,15591.43
2017-03-16,12.7,15411.06,15423.76
2017-03-17,12.7,15117.03,15129.73
2017-03-20,12.7,15262.83,15275.53
2017-03-21,12.7,14818.14,14830.84
2017-03-22,12.7,14912.91,14925.61
2017-03-23,12.7,14954.22,14966.92
2017-03-24,12.7,15036.84,15049.54
2017-03-27,12.7,15134.04,15146.74
2017-03-28,12.7,15187.5,15200.2
2017-03-29,12.7,15425.64,15438.34
2017-03-30,12.7,15345.45,15358.15
2017-03-31,12.7,15255.54,15268.24
2017-04-03,12.7,15328.44,15341.14
2017-04-04,12.7,15483.96,15496.66
2017-04-05,12.7,15202.08,15214.78
2017-04-06,12.7,15066.0,15078.7
2017-04-07,12.7,15131.61,15144.31
2017-04-10,12.7,15197.22,15209.92
2017-04-11,12.7,15168.06,15180.76
2017-04-12,12.7,14988.24,15000.94
2017-04-13,12.7,14774.4,14787.1
2017-04-17,12.7,15126.75,15139.45
2017-04-18,12.7,15053.85,15066.55
2017-04-19,12.7,14871.6,14884.3
2017-04-20,12.7,14946.93,14959.63
2017-04-24,12.7,15136.47,15149.17
2017-04-25,12.7,15309.0,15321.7
2017-04-26,12.7,15260.4,15273.1
2017-04-27,12.7,15177.78,15190.48
2017-04-28,12.7,15355.17,15367.87
2017-05-02,12.7,15688.08,15700.78
2017-05-03,12.7,15542.28,15554.98
2017-05-04,12.7,15226.38,15239.08
2017-05-05,12.7,15469.38,15482.08
2017-05-08,12.7,15411.06,15423.76
2017-05-09,12.7,15593.31,15606.01
2017-05-10,12.7,15843.6,15856.3
2017-05-11,12.7,15880.05,15892.75
2017-05-12,12.7,16023.42,16036.12
2017-05-15,12.7,16103.61,16116.31
2017-05-16,12.7,16147.35,16160.05
2017-05-17,12.7,15875.19,15887.89
2017-05-18,12.7,14499.81,14512.51
2017-05-19,12.7,14728.23,14740.93
2017-05-22,12.7,14465.79,14478.49
2017-05-23,12.7,14759.82,14772.52
2017-05-24,12.7,14864.31,14877.01
2017-05-25,12.7,14893.47,14906.17
2017-05-26,12.7,15053.85,15066.55
2017-05-29,12.7,15002.82,15015.52
2017-05-30,12.7,15041.7,15054.4
2017-05-31,12.7,14716.08,14728.78
2017-06-01,12.7,14643.18,14655.88
2017-06-02,12.7,14665.05,14677.75
2017-06-05,12.7,14689.35,14702.05
2017-06-06,12.7,14810.85,14823.55
2017-06-07,12.7,14869.17,14881.87
2017-06-08,12.7,14752.53,14765.23
2017-06-09,12.7,14633.46,14646.16
2017-06-12,12.7,14494.95,14507.65
2017-06-13,12.7,14536.26,14548.96
2017-06-14,12.7,14553.27,14565.97
2017-06-16,12.7,14485.23,14497.93
2017-06-19,12.7,14601.87,14614.57
2017-06-20,12.7,14273.82,14286.52
2017-06-21,12.7,14283.54,14296.24
2017-06-22,12.7,14422.05,14434.75
2017-06-23,12.7,14361.3,14374.0
2017-06-26,12.7,14643.18,14655.88
2017-06-27,12.7,14519.25,14531.95
2017-06-28,12.7,14567.85,14580.55
2017-06-29,12.7,14604.3,14617.0
2017-06-30,12.7,14805.99,14818.69
2017-07-03,12.7,14844.87,14857.57
2017-07-04,12.7,14859.45,14872.15
2017-07-05,12.7,14835.15,14847.85
2017-07-06,12.7,14682.06,14694.76
2017-07-07,12.7,14701.5,14714.2
2017-07-10,12.7,14808.42,14821.12
2017-07-11,12.7,14993.1,15005.8
2017-07-12,12.7,15236.1,15248.8
2017-07-13,12.7,15357.6,15370.3
2017-07-14,12.7,15391.62,15404.32
2017-07-17,12.7,15323.58,15336.28
2017-07-18,12.7,15338.16,15350.86
2017-07-19,12.7,15330.87,15343.57
2017-07-20,12.7,15248.25,15260.95
2017-07-21,12.7,15194.79,15207.49
2017-07-24,12.7,15291.99,15304.69
2017-07-25,12.7,15425.64,15438.34
2017-07-26,12.7,15262.83,15275.53
2017-07-27,12.7,15321.15,15333.85
2017-07-28,12.7,15403.77,15416.47
2017-07-31,12.7,15483.96,15496.66
2017-08-01,12.7,15607.89,15620.59
2017-08-02,12.7,15775.56,15788.26
2017-08-03,12.7,15661.35,15674.05
2017-08-04,12.7,15724.53,15737.23
2017-08-07,12.7,15948.09,15960.79
2017-08-08,12.7,15955.38,15968.08
2017-08-09,12.7,15901.92,15914.62
2017-08-10,12.7,15729.39,15742.09
2017-08-11,12.7,15819.3,15832.0
2017-08-14,12.7,16042.86,16055.56
2017-08-15,12.7,16057.44,16070.14
2017-08-16,12.7,16140.06,16152.76
2017-08-17,12.7,15989.4,16002.1
2017-08-18,12.7,16152.21,16164.91
2017-08-21,12.7,16147.35,16160.05
2017-08-22,12.7,16470.54,16483.24
2017-08-23,12.7,16572.6,16585.3
2017-08-24,12.7,16728.12,16740.82
2017-08-25,12.7,16681.95,16694.65
2017-08-28,12.7,16698.96,16711.66
2017-08-29,12.7,16762.14,16774.84
2017-08-30,12.7,16652.79,16665.49
2017-08-31,12.7,16623.63,16636.33
2017-09-01,12.7,16890.93,16903.63
2017-09-04,12.7,16971.12,16983.82
2017-09-05,12.7,16951.68,16964.38
2017-09-06,12.7,17240.85,17253.55
2017-09-08,12.7,17182.53,17195.23
2017-09-11,12.7,17478.99,17491.69
2017-09-12,12.7,17520.3,17533.0
2017-09-13,12.7,17561.61,17574.31
2017-09-14,12.7,17488.71,17501.41
2017-09-15,12.7,17773.02,17785.72
2017-09-18,12.7,17860.5,17873.2
2017-09-19,12.7,17848.35,17861.05
2017-09-20,12.7,17833.77,17846.47
2017-09-21,12.7,17756.01,17768.71
2017-09-22,12.7,17695.26,17707.96
2017-09-25,12.7,17471.7,17484.4
2017-09-26,12.7,17459.55,17472.25
2017-09-27,12.7,17335.62,17348.32
2017-09-28,12.7,17272.44,17285.14
2017-09-29,12.7,17393.94,17406.64
2017-10-02,12.7,17452.26,17464.96
2017-10-03,12.7,18020.88,18033.58
2017-10-04,12.7,17986.86,17999.56
2017-10-05,12.7,17991.72,18004.42
2017-10-06,12.7,17862.93,17875.63
2017-10-09,12.7,17790.03,17802.73
2017-10-10,12.7,18040.32,18053.02
2017-10-11,12.7,18013.59,18026.29
2017-10-13,12.7,18091.35,18104.05
2017-10-16,12.7,18064.62,18077.32
2017-10-17,12.7,17911.53,17924.23
2017-10-18,12.7,18003.87,18016.57
2017-10-19,12.7,17930.97,17943.67
2017-10-20,12.7,17884.8,17897.5
2017-10-23,12.7,17721.99,17734.69
2017-10-24,12.7,17947.98,17960.68
2017-10-25,12.7,17984.43,17997.13
2017-10-26,12.7,17751.15,17763.85
2017-10-27,12.7,17828.91,17841.61
2017-10-30,12.7,17581.05,17593.75
2017-10-31,12.7,17440.11,17452.81
2017-11-01,12.7,17318.61,17331.31
2017-11-03,12.7,17325.9,17338.6
2017-11-06,12.7,17444.97,17457.67
2017-11-07,12.7,17002.71,17015.41
2017-11-08,12.7,17478.99,17491.69
2017-11-09,12.7,17131.5,17144.2
2017-11-10,12.7,17002.71,17015.41
2017-11-13,12.7,17126.64,17139.34
2017-11-14,12.7,16635.78,16648.48
2017-11-16,12.7,17051.31,17064.01
2017-11-17,12.7,17231.13,17243.83
2017-11-21,12.7,17496.0,17508.7
2017-11-22,12.7,17471.7,17484.4
2017-11-23,12.7,17478.99,17491.69
2017-11-24,12.7,17406.09,17418.79
2017-11-27,12.7,17396.37,17409.07
2017-11-28,12.7,17461.98,17474.68
2017-11-29,12.7,17070.75,17083.45
2017-11-30,12.7,16864.2,16876.9
2017-12-01,12.7,16929.81,16942.51
2017-12-04,12.7,17138.79,17151.49
2017-12-05,12.7,17010.0,17022.7
2017-12-06,12.7,17734.14,17746.84
2017-12-07,12.7,17010.0,17022.7
2017-12-08,12.7,17039.16,17051.86
2017-12-11,12.7,17116.92,17129.62
2017-12-12,12.7,17350.2,17362.9
2017-12-13,12.7,17102.34,17115.04
2017-12-14,12.7,17010.0,17022.7
2017-12-15,12.7,16997.85,17010.55
2017-12-18,12.7,17172.81,17185.51
2017-12-19,12.7,17051.31,17064.01
2017-12-20,12.7,17228.7,17241.4
2017-12-21,12.7,17627.22,17639.92
2017-12-22,12.7,17666.1,17678.8
2017-12-26,12.7,17799.75,17812.45
2017-12-27,12.7,17896.95,17909.65
2017-12-28,12.7,17938.26,17950.96
2018-01-02,12.7,18249.3,18262.0
2018-01-03,12.7,18297.9,18310.6
2018-01-04,12.7,18468.0,18480.7
2018-01-05,12.7,18574.92,18587.62
2018-01-08,12.7,18652.68,18665.38
2018-01-09,12.7,18506.88,18519.58
2018-01-10,12.7,18370.8,18383.5
2018-01-11,12.7,18628.38,18641.08
2018-01-12,12.7,18630.81,18643.51
2018-01-15,12.7,18728.01,18740.71
2018-01-16,12.7,18725.58,18738.28
2018-01-17,12.7,19053.63,19066.33
2018-01-18,12.7,18978.3,18991.0
2018-01-19,12.7,19056.06,19068.76
2018-01-22,12.7,19158.12,19170.82
2018-01-23,12.7,18905.4,18918.1
2018-01-24,12.7,19641.69,19654.39
2018-01-26,12.7,20083.95,20096.65
2018-01-29,12.7,19872.54,19885.24
2018-01-30,12.7,19831.23,19843.93
2018-01-31,12.7,19926.0,19938.7
2018-02-01,12.7,20059.65,20072.35
2018-02-02,12.7,19741.32,19754.02
2018-02-06,12.7,19719.45,19732.15
2018-02-07,12.7,19430.28,19442.98
2018-02-08,12.7,19124.1,19136.8
2018-02-09,12.7,18995.31,19008.01
2018-02-14,12.7,19585.8,19598.5
2018-02-15,12.7,19780.2,19792.9
2018-02-16,12.7,19819.08,19831.78
2018-02-19,12.7,19891.98,19904.68
2018-02-20,12.7,20154.42,20167.12
2018-02-21,12.7,20178.72,20191.42
2018-02-22,12.7,20351.25,20363.95
2018-02-23,12.7,20482.47,20495.17
2018-02-26,12.7,20586.96,20599.66
2018-02-27,12.7,20433.87,20446.57
2018-02-28,12.7,20047.5,20060.2
2018-03-06,12.7,20093.67,20106.37
2018-03-07,12.7,20071.8,20084.5
2018-03-08,12.7,19960.02,19972.72
2018-03-09,12.7,20266.2,20278.9
2018-03-12,12.7,20399.85,20412.55
2018-03-13,12.7,20290.5,20303.2
2018-03-14,12.7,20203.02,20215.72
2018-03-15,12.7,19943.01,19955.71
2018-03-16,12.7,19928.43,19941.13
2018-03-19,12.7,19704.87,19717.57
2018-03-20,12.7,19780.2,19792.9
2018-03-21,12.7,19947.87,19960.57
2018-03-22,12.7,19874.97,19887.67
2018-03-23,12.7,19823.94,19836.64
2018-03-26,12.7,19981.89,19994.59
2018-03-27,12.7,19678.14,19690.84
2018-03-28,12.7,19687.86,19700.56
2018-03-29,12.7,20030.49,20043.19
2018-04-02,12.7,19889.55,19902.25
2018-04-03,12.7,19865.25,19877.95
2018-04-04,12.7,19780.2,19792.9
2018-04-05,12.7,20015.91,20028.61
2018-04-06,12.7,19911.42,19924.12
2018-04-09,12.7,19542.06,19554.76
2018-04-10,12.7,19819.08,19831.78
2018-04-11,12.7,20035.35,20048.05
2018-04-12,12.7,20030.49,20043.19
2018-04-13,12.7,19755.9,19768.6
2018-04-16,12.7,19435.14,19447.84
2018-04-17,12.7,19709.73,19722.43
2018-04-18,12.7,20096.1,20108.8
2018-04-19,12.7,20144.7,20157.4
2018-04-20,12.7,20105.82,20118.52
2018-04-23,12.7,20096.1,20108.8
2018-04-24,12.7,20042.64,20055.34
2018-04-25,12.7,19945.44,19958.14
2018-04-26,12.7,20292.93,20305.63
2018-04-27,12.7,20283.21,20295.91
2018-04-30,12.7,20212.74,20225.44
2018-05-02,12.7,19855.53,19868.23
2018-05-03,12.7,19559.07,19571.77
2018-05-04,12.7,19503.18,19515.88
2018-05-07,12.7,19396.26,19408.96
2018-05-08,12.7,19493.46,19506.16
2018-05-09,12.7,19768.05,19780.75
2018-05-10,12.7,20137.41,20150.11
2018-05-11,12.7,19996.47,20009.17
2018-05-14,12.7,20020.77,20033.47
2018-05-15,12.7,19977.03,19989.73
2018-05-16,12.7,20271.06,20283.76
2018-05-17,12.7,19629.54,19642.24
2018-05-18,12.7,19491.03,19503.73
2018-05-21,12.7,19245.6,19258.3
2018-05-22,12.7,19440.0,19452.7
2018-05-23,12.7,19014.75,19027.45
2018-05-24,12.7,18820.35,18833.05
2018-05-25,12.7,18540.9,18553.6
2018-05-28,12.7,17663.67,17676.37
2018-05-29,12.7,17836.2,17848.9
2018-05-30,12.7,17999.01,18011.71
2018-06-01,12.7,18132.66,18145.36
2018-06-04,12.7,18431.55,18444.25
2018-06-05,12.7,18006.3,18019.0
2018-06-06,12.7,17853.21,17865.91
2018-06-07,12.7,17342.91,17355.61
2018-06-08,12.7,17107.2,17119.9
2018-06-11,12.7,16975.98,16988.68
2018-06-12,12.7,17075.61,17088.31
2018-06-13,12.7,16949.25,16961.95
2018-06-14,12.7,16718.4,16731.1
2018-06-15,12.7,16550.73,16563.43
2018-06-18,12.7,16407.36,16420.06
2018-06-19,12.7,16720.83,16733.53
2018-06-20,12.7,16890.93,16903.63
2018-06-21,12.7,16441.38,16454.08
2018-06-22,12.7,16567.74,16580.44
2018-06-25,12.7,16669.8,16682.5
2018-06-26,12.7,16767.0,16779.7
2018-06-27,12.7,16524.0,16536.7
2018-06-28,12.7,16864.2,16876.9
2018-06-29,12.7,17095.05,17107.75
2018-07-02,12.7,17082.9,17095.6
2018-07-03,12.7,17277.3,17290.0
2018-07-04,12.7,17522.73,17535.43
2018-07-05,12.7,17464.41,17477.11
2018-07-06,12.7,17605.35,17618.05
2018-07-10,12.7,17581.05,17593.75
2018-07-11,12.7,17437.68,17450.38
2018-07-12,12.7,17802.18,17814.88
2018-07-13,12.7,17984.43,17997.13
2018-07-16,12.7,17969.85,17982.55
2018-07-17,12.7,18314.91,18327.61
2018-07-18,12.7,18142.38,18155.08
2018-07-19,12.7,18139.95,18152.65
2018-07-20,12.7,18419.4,18432.1
2018-07-23,12.7,18285.75,18298.45
2018-07-24,12.7,18589.5,18602.2
2018-07-25,12.7,18800.91,18813.61
2018-07-26,12.7,18618.66,18631.36
2018-07-27,12.7,18742.59,18755.29
2018-07-30,12.7,18813.06,18825.76
2018-07-31,12.7,18577.35,18590.05
2018-08-01,12.7,18579.78,18592.48
2018-08-02,12.7,18698.85,18711.55
2018-08-03,12.7,19114.38,19127.08
2018-08-06,12.7,19012.32,19025.02
2018-08-07,12.7,18830.07,18842.77
2018-08-08,12.7,18545.76,18558.46
2018-08-09,12.7,18458.28,18470.98
2018-08-10,12.7,17933.4,17946.1
2018-08-13,12.7,18198.27,18210.97
2018-08-14,12.7,18443.7,18456.4
2018-08-15,12.7,18076.77,18089.47
2018-08-16,12.7,18016.02,18028.72
2018-08-17,12.7,17824.05,17836.75
2018-08-20,12.7,17904.24,17916.94
2018-08-21,12.7,17619.93,17632.63
2018-08-22,12.7,18018.45,18031.15
2018-08-23,12.7,17746.29,17758.99
2018-08-24,12.7,17904.24,17916.94
2018-08-27,12.7,18249.3,18262.0
2018-08-28,12.7,18173.97,18186.67
2018-08-29,12.7,18390.24,18402.94
2018-08-30,12.7,17918.82,17931.52
2018-08-31,12.7,18011.16,18023.86
2018-09-03,12.7,17855.64,17868.34
2018-09-04,12.7,17513.01,17525.71
2018-09-05,12.7,17598.06,17610.76
2018-09-06,12.7,18006.3,18019.0
2018-09-10,12.7,17982.0,17994.7
2018-09-11,12.7,17527.59,17540.29
2018-09-12,12.7,17634.51,17647.21
2018-09-13,12.7,17500.86,17513.56
2018-09-14,12.7,17692.83,17705.53
2018-09-17,12.7,17999.01,18011.71
2018-09-18,12.7,18310.05,18322.75
2018-09-19,12.7,18290.61,18303.31
2018-09-20,12.7,18305.19,18317.89
2018-09-21,12.7,18589.5,18602.2
2018-09-24,12.7,18273.6,18286.3
2018-09-25,12.7,18438.84,18451.54
2018-09-26,12.7,18431.55,18444.25
2018-09-27,12.7,18728.01,18740.71
2018-09-28,12.7,18616.23,18628.93
2018-10-01,12.7,18419.4,18432.1
2018-10-02,12.7,19143.54,19156.24
2018-10-03,12.7,19510.47,19523.17
2018-10-04,12.7,19410.84,19423.54
2018-10-05,12.7,19306.35,19319.05
2018-10-08,12.7,20324.52,20337.22
2018-10-09,12.7,20169.0,20181.7
2018-10-10,12.7,19617.39,19630.09
2018-10-11,12.7,19476.45,19489.15
2018-10-15,12.7,19551.78,19564.48
2018-10-16,12.7,20071.8,20084.5
2018-10-17,12.7,20100.96,20113.66
2018-10-18,12.7,19661.13,19673.83
2018-10-19,12.7,19736.46,19749.16
2018-10-22,12.7,20076.66,20089.36
2018-10-23,12.7,19996.47,20009.17
2018-10-24,12.7,19476.45,19489.15
2018-10-25,12.7,19690.29,19702.99
2018-10-26,12.7,20098.53,20111.23
2018-10-29,12.7,19636.83,19649.53
2018-10-30,12.7,20353.68,20366.38
2018-10-31,12.7,20431.44,20444.14
2018-11-01,12.7,20715.75,20728.45
2018-11-05,12.7,20922.3,20935.0
2018-11-06,12.7,20723.04,20735.74
2018-11-07,12.7,20555.37,20568.07
2018-11-08,12.7,20071.8,20084.5
2018-11-09,12.7,20052.36,20065.06
2018-11-12,12.7,20011.05,20023.75
2018-11-13,12.7,19838.52,19851.22
2018-11-14,12.7,20083.95,20096.65
2018-11-16,12.7,20727.9,20740.6
2018-11-19,12.7,20484.9,20497.6
2018-11-21,12.7,20480.04,20492.74
2018-11-22,12.7,20484.9,20497.6
2018-11-23,12.7,20176.29,20188.99
2018-11-26,12.7,20008.62,20021.32
2018-11-27,12.7,20531.07,20543.77
2018-11-28,12.7,20898.0,20910.7
2018-11-29,12.7,20990.34,21003.04
2018-11-30,12.7,20987.91,21000.61
2018-12-03,12.7,21017.07,21029.77
2018-12-04,12.7,20710.89,20723.59
2018-12-05,12.7,20905.29,20917.99
2018-12-06,12.7,20786.22,20798.92
2018-12-07,12.7,20637.99,20650.69
2018-12-10,12.7,20134.98,20147.68
2018-12-11,12.7,20290.5,20303.2
2018-12-12,12.7,20387.7,20400.4
2018-12-13,12.7,20480.04,20492.74
2018-12-14,12.7,20463.03,20475.73
2018-12-17,12.7,20227.32,20240.02
2018-12-18,12.7,20290.5,20303.2
2018-12-19,12.7,20047.5,20060.2
2018-12-20,12.7,20028.06,20040.76
2018-12-21,12.7,20032.92,20045.62
2018-12-26,12.7,19960.02,19972.72
2018-12-27,12.7,20083.95,20096.65
2018-12-28,12.7,20557.8,20570.5
2019-01-02,12.7,21359.7,21372.4
2019-01-03,12.7,21384.0,21396.7
2019-01-04,12.7,21505.5,21518.2
2019-01-07,12.7,21500.64,21513.34
2019-01-08,12.7,21585.69,21598.39
2019-01-09,12.7,21947.76,21960.46
2019-01-10,12.7,21972.06,21984.76
2019-01-11,12.7,21962.34,21975.04
2019-01-14,12.7,22164.03,22176.73
2019-01-15,12.7,22018.23,22030.93
2019-01-16,12.7,22149.45,22162.15
2019-01-17,12.7,22348.71,22361.41
2019-01-18,12.7,22504.23,22516.93
2019-01-21,12.7,22511.52,22524.22
2019-01-22,12.7,22210.2,22222.9
2019-01-23,12.7,22623.3,22636.0
2019-01-24,12.7,22883.31,22896.01
2019-01-28,12.7,22375.44,22388.14
2019-01-29,12.7,22402.17,22414.87
2019-01-30,12.7,22725.36,22738.06
2019-01-31,12.7,22842.0,22854.7
2019-02-01,12.7,22929.48,22942.18
2019-02-04,12.7,23092.29,23104.99
2019-02-05,12.7,23036.4,23049.1
2019-02-06,12.7,22178.61,22191.31
2019-02-07,12.7,22113.0,22125.7
2019-02-08,12.7,22283.1,22295.8
2019-02-11,12.7,22110.57,22123.27
2019-02-12,12.7,22465.35,22478.05
2019-02-13,12.7,22501.8,22514.5
2019-02-14,12.7,22924.62,22937.32
2019-02-15,12.7,22851.72,22864.42
2019-02-19,12.7,22788.54,22801.24
2019-02-20,12.7,22640.31,22653.01
2019-02-25,12.7,22786.11,22798.81
2019-02-26,12.7,22871.16,22883.86
2019-02-27,12.7,22803.12,22815.82
2019-03-06,12.7,22054.68,22067.38
2019-03-08,12.7,22319.55,22332.25
2019-03-12,12.7,22939.2,22951.9
2019-03-13,12.7,23160.33,23173.03
2019-03-21,12.7,22601.43,22614.13
2019-03-25,12.7,21955.05,21967.75
2019-03-26,12.7,22334.13,22346.83
2019-03-27,12.7,21408.3,21421.0
2019-03-28,12.7,22117.86,22130.56
2019-03-29,12.7,22309.83,22322.53
2019-04-01,12.7,22441.05,22453.75
2019-04-02,12.7,22314.69,22327.39
2019-04-03,12.7,22151.88,22164.58
2019-04-04,12.7,22567.41,22580.11
2019-04-05,12.7,22735.08,22747.78
2019-04-08,12.7,22788.54,22801.24
2019-04-09,12.7,22526.1,22538.8
2019-04-10,12.7,22475.07,22487.77
2019-04-11,12.7,22205.34,22218.04
2019-04-12,12.7,21750.93,21763.63
2019-04-15,12.7,21823.83,21836.53
2019-04-16,12.7,22113.0,22125.7
2019-04-17,12.7,21870.0,21882.7
2019-04-18,12.7,22151.88,22164.58
2019-04-22,12.7,22161.6,22174.3
2019-04-23,12.7,22445.91,22458.61
2019-04-24,12.7,22258.8,22271.5
2019-04-25,12.7,22574.7,22587.4
2019-04-26,12.7,22509.09,22521.79
2019-04-29,12.7,22530.96,22543.66
2019-04-30,12.7,22569.84,22582.54
2019-05-02,12.7,22375.44,22388.14
2019-05-03,12.7,22501.8,22514.5
2019-05-06,12.7,22261.23,22273.93
2019-05-07,12.7,22108.14,22120.84
2019-05-08,12.7,22382.73,22395.43
2019-05-09,12.7,22202.91,22215.61
2019-05-10,12.7,22064.4,22077.1
2019-05-13,12.7,21459.33,21472.03
2019-05-14,12.7,21568.68,21581.38
2019-05-15,12.7,21352.41,21365.11
2019-05-16,12.7,21034.08,21046.78
2019-05-17,12.7,21077.82,21090.52
2019-05-20,12.7,21585.69,21598.39
2019-05-21,12.7,22159.17,22171.87
2019-05-22,12.7,22103.28,22115.98
2019-05-23,12.7,21974.49,21987.19
2019-05-24,12.7,21930.75,21943.45
2019-05-27,12.7,22234.5,22247.2
2019-05-28,12.7,22562.55,22575.25
2019-05-29,12.7,22613.58,22626.28
2019-05-30,12.7,22832.28,22844.98
2019-05-31,12.7,22742.37,22755.07
2019-06-03,12.7,22715.64,22728.34
2019-06-04,12.7,22793.4,22806.1
2019-06-05,12.7,22511.52,22524.22
2019-06-06,12.7,22766.67,22779.37
2019-06-07,12.7,22895.46,22908.16
2019-06-10,12.7,22805.55,22818.25
2019-06-11,12.7,23187.06,23199.76
2019-06-12,12.7,23002.38,23015.08
2019-06-13,12.7,23119.02,23131.72
2019-06-14,12.7,22965.93,22978.63
2019-06-17,12.7,22902.75,22915.45
2019-06-18,12.7,23272.11,23284.81
2019-06-19,12.7,23481.09,23493.79
2019-06-21,12.7,23867.46,23880.16
2019-06-24,12.7,23889.33,23902.03
2019-06-25,12.7,23415.48,23428.18
2019-06-26,12.7,23534.55,23547.25
2019-06-27,12.7,23588.01,23600.71
2019-06-28,12.7,23597.73,23610.43
2019-07-01,12.7,23680.35,23693.05
2019-07-02,12.7,23515.11,23527.81
2019-07-03,12.7,23891.76,23904.46
2019-07-04,12.7,24300.0,24312.7
2019-07-05,12.7,24365.61,24378.31
2019-07-08,12.7,24436.08,24448.78
2019-07-10,12.7,24776.28,24788.98
2019-07-11,12.7,24594.03,24606.73
2019-07-12,12.7,24312.15,24324.85
2019-07-15,12.7,24309.72,24322.42
2019-07-16,12.7,24275.7,24288.4
2019-07-17,12.7,24302.43,24315.13
2019-07-18,12.7,24470.1,24482.8
2019-07-19,12.7,24202.8,24215.5
2019-07-22,12.7,24300.0,24312.7
2019-07-23,12.7,24324.3,24337.0
2019-07-24,12.7,24394.77,24407.47
2019-07-25,12.7,24008.4,24021.1
2019-07-26,12.7,24093.45,24106.15
2019-07-29,12.7,24193.08,24205.78
2019-07-30,12.7,24086.16,24098.86
2019-07-31,12.7,23809.14,23821.84
2019-08-01,12.7,23918.49,23931.19
2019-08-02,12.7,24003.54,24016.24
2019-08-05,12.7,23442.21,23454.91
2019-08-06,12.7,23920.92,23933.62
2019-08-07,12.7,24069.15,24081.85
2019-08-08,12.7,24387.48,24400.18
2019-08-09,12.7,24358.32,24371.02
2019-08-12,12.7,23852.88,23865.58
2019-08-13,12.7,24183.36,24196.06
2019-08-14,12.7,23485.95,23498.65
2019-08-15,12.7,23177.34,23190.04
2019-08-16,12.7,23364.45,23377.15
2019-08-19,12.7,23272.11,23284.81
2019-08-20,12.7,23216.22,23228.92
2019-08-21,12.7,23699.79,23712.49
2019-08-22,12.7,23413.05,23425.75
2019-08-23,12.7,22846.86,22859.56
2019-08-26,12.7,22513.95,22526.65
2019-08-27,12.7,22756.95,22769.65
2019-08-28,12.7,22982.94,22995.64
2019-08-29,12.7,23536.98,23549.68
2019-08-30,12.7,23719.23,23731.93
2019-09-02,12.7,23512.68,23525.38
2019-09-03,12.7,23303.7,23316.4
2019-09-04,12.7,23660.91,23673.61
2019-09-05,12.7,23920.92,23933.62
2019-09-06,12.7,24088.59,24101.29
2019-09-09,12.7,24137.19,24149.89
2019-09-10,12.7,24103.17,24115.87
2019-09-11,12.7,24239.25,24251.95
2019-09-12,12.7,24387.48,24400.18
2019-09-13,12.7,24197.94,24210.64
2019-09-16,12.7,24251.4,24264.1
2019-09-17,12.7,24484.68,24497.38
2019-09-18,12.7,24453.09,24465.79
2019-09-19,12.7,24406.92,24419.62
2019-09-20,12.7,24484.68,24497.38
2019-09-23,12.7,24489.54,24502.24
2019-09-24,12.7,24300.0,24312.7
2019-09-25,12.7,24409.35,24422.05
2019-09-26,12.7,24647.49,24660.19
2019-09-27,12.7,24601.32,24614.02
2019-09-30,12.7,24545.43,24558.13
2019-10-01,12.7,24314.58,24327.28
2019-10-02,12.7,23607.45,23620.15
2019-10-03,12.7,23745.96,23758.66
2019-10-04,12.7,23981.67,23994.37
2019-10-07,12.7,23522.4,23535.1
2019-10-08,12.7,23364.45,23377.15
2019-10-09,12.7,23692.5,23705.2
2019-10-10,12.7,23833.44,23846.14
2019-10-11,12.7,24292.71,24305.41
2019-10-14,12.7,24385.05,24397.75
2019-10-15,12.7,24440.94,24453.64
2019-10-16,12.7,24640.2,24652.9
2019-10-17,12.7,24555.15,24567.85
2019-10-18,12.7,24482.25,24494.95
2019-10-21,12.7,24786.0,24798.7
2019-10-22,12.7,25087.32,25100.02
2019-10-23,12.7,25126.2,25138.9
2019-10-24,12.7,25029.0,25041.7
2019-10-25,12.7,25118.91,25131.61
2019-10-28,12.7,25259.85,25272.55
2019-10-29,12.7,25150.5,25163.2
2019-10-30,12.7,25342.47,25355.17
2019-10-31,12.7,25084.89,25097.59
2019-11-01,12.7,25337.61,25350.31
2019-11-04,12.7,25425.09,25437.79
2019-11-05,12.7,25434.81,25447.51
2019-11-06,12.7,25357.05,25369.75
2019-11-07,12.7,25590.33,25603.03
2019-11-08,12.7,25126.2,25138.9
2019-11-11,12.7,25330.32,25343.02
2019-11-12,12.7,24895.35,24908.05
2019-11-13,12.7,24875.91,24888.61
2019-11-14,12.7,24919.65,24932.35
2019-11-18,12.7,24786.0,24798.7
2019-11-19,12.7,24776.28,24788.98
2019-11-21,12.7,25150.5,25163.2
2019-11-22,12.7,25417.8,25430.5
2019-11-25,12.7,25332.75,25345.45
2019-11-26,12.7,25135.92,25148.62
2019-11-27,12.7,25194.24,25206.94
2019-11-28,12.7,25364.34,25377.04
2019-11-29,12.7,25357.05,25369.75
2019-12-02,12.7,25468.83,25481.53
2019-12-03,12.7,25515.0,25527.7
2019-12-04,12.7,25782.3,25795.0
2019-12-05,12.7,25864.92,25877.62
2019-12-06,12.7,25983.99,25996.69
2019-12-09,12.7,25945.11,25957.81
2019-12-10,12.7,25898.94,25911.64
2019-12-11,12.7,25940.25,25952.95
2019-12-12,12.7,26207.55,26220.25
2019-12-13,12.7,26319.33,26332.03
2019-12-16,12.7,26175.96,26188.66
2019-12-17,12.7,26343.63,26356.33
2019-12-18,12.7,26768.88,26781.58
2019-12-19,12.7,26929.26,26941.96
2019-12-20,12.7,26934.12,26946.82
2019-12-23,12.7,27135.81,27148.51
2019-12-26,12.7,27412.83,27425.53
2019-12-27,12.7,27257.31,27270.01
2019-12-30,12.7,27028.89,27041.59
2020-01-02,12.7,27760.32,27773.02
2020-01-03,12.7,27653.4,27666.1
2020-01-06,12.7,27359.37,27372.07
2020-01-07,12.7,27274.32,27287.02
2020-01-08,12.7,27203.85,27216.55
2020-01-09,12.7,27133.38,27146.08
2020-01-10,12.7,27041.04,27053.74
2020-01-13,12.7,27478.44,27491.14
2020-01-14,12.7,27536.76,27549.46
2020-01-15,12.7,27259.74,27272.44
2020-01-16,12.7,27301.05,27313.75
2020-01-17,12.7,27726.3,27739.0
2020-01-20,12.7,27801.63,27814.33
2020-01-21,12.7,27373.95,27386.65
2020-01-22,12.7,27726.3,27739.0
2020-01-23,12.7,27996.03,28008.73
2020-01-24,12.7,27702.0,27714.7
2020-01-27,12.7,26800.47,26813.17
2020-01-28,12.7,27288.9,27301.6
2020-01-29,12.7,26943.84,26956.54
2020-01-30,12.7,27019.17,27031.87
2020-01-31,12.7,26462.7,26475.4
2020-02-03,12.7,26832.06,26844.76
2020-02-04,12.7,27024.03,27036.73
2020-02-05,12.7,27160.11,27172.81
2020-02-06,12.7,26960.85,26973.55
2020-02-07,12.7,26572.05,26584.75
2020-02-10,12.7,26435.97,26448.67
2020-02-11,12.7,27045.9,27058.6
2020-02-12,12.7,27325.35,27338.05
2020-02-13,12.7,26948.7,26961.4
2020-02-14,12.7,26749.44,26762.14
2020-02-17,12.7,26924.4,26937.1
2020-02-18,12.7,27007.02,27019.72
2020-02-19,12.7,27235.44,27248.14
2020-02-20,12.7,26778.6,26791.3
2020-02-21,12.7,26596.35,26609.05
2020-02-26,12.7,24761.7,24774.4
2020-02-27,12.7,24105.6,24118.3
2020-02-28,12.7,24445.8,24458.5
2020-03-02,12.7,25026.57,25039.27
2020-03-03,12.7,24725.25,24737.95
2020-03-04,12.7,25053.3,25066.0
2020-03-05,12.7,24005.97,24018.67
2020-03-06,12.7,22939.2,22951.9
2020-03-09,12.7,20096.1,20108.8
2020-03-10,12.7,21537.09,21549.79
2020-03-11,12.7,19940.58,19953.28
2020-03-12,12.7,17034.3,17047.0
2020-03-13,12.7,19316.07,19328.77
2020-03-16,12.7,16621.2,16633.9
2020-03-17,12.7,17253.0,17265.7
2020-03-18,12.7,15797.43,15810.13
2020-03-19,12.7,15795.0,15807.7
2020-03-20,12.7,15739.11,15751.81
2020-03-23,12.7,14857.02,14869.72
2020-03-24,12.7,16378.2,16390.9
2020-03-25,12.7,17430.39,17443.09
2020-03-26,12.7,18120.51,18133.21
2020-03-27,12.7,17063.46,17076.16
2020-03-30,12.7,17488.71,17501.41
2020-03-31,12.7,16852.05,16864.75
2020-04-01,12.7,16567.74,16580.44
2020-04-02,12.7,16920.09,16932.79
2020-04-03,12.7,16256.7,16269.4
2020-04-06,12.7,17391.51,17404.21
2020-04-07,12.7,17862.93,17875.63
2020-04-08,12.7,18402.39,18415.09
2020-04-09,12.7,18193.41,18206.11
2020-04-13,12.7,18458.28,18470.98
2020-04-14,12.7,18674.55,18687.25
2020-04-15,12.7,18480.15,18492.85
2020-04-16,12.7,18207.99,18220.69
2020-04-17,12.7,18468.0,18480.7
2020-04-20,12.7,18385.38,18398.08
2020-04-22,12.7,18881.1,18893.8
2020-04-23,12.7,18625.95,18638.65
2020-04-24,12.7,17595.63,17608.33
2020-04-27,12.7,18295.47,18308.17
2020-04-28,12.7,19026.9,19039.6
2020-04-29,12.7,19483.74,19496.44
2020-04-30,12.7,18762.03,18774.73
2020-05-04,12.7,18492.3,18505.0
2020-05-05,12.7,18599.22,18611.92
2020-05-06,12.7,18516.6,18529.3
2020-05-07,12.7,18322.2,18334.9
2020-05-08,12.7,18815.49,18828.19
2020-05-11,12.7,18502.02,18514.72
2020-05-12,12.7,18225.0,18237.7
2020-05-13,12.7,18261.45,18274.15
2020-05-14,12.7,18528.75,18541.45
2020-05-15,12.7,18118.08,18130.78
2020-05-18,12.7,18961.29,18973.99
2020-05-19,12.7,18868.95,18881.65
2020-05-20,12.7,19063.35,19076.05
2020-05-21,12.7,19432.71,19445.41
2020-05-22,12.7,19425.42,19438.12
2020-05-25,12.7,20071.8,20084.5
2020-05-26,12.7,20035.35,20048.05
2020-05-27,12.7,20577.24,20589.94
2020-05-28,12.7,20326.95,20339.65
2020-05-29,12.7,20448.45,20461.15
2020-06-01,12.7,20735.19,20747.89
2020-06-02,12.7,21330.54,21343.24
2020-06-03,12.7,21716.91,21729.61
2020-06-04,12.7,21945.33,21958.03
2020-06-05,12.7,22125.15,22137.85
2020-06-08,12.7,22829.85,22842.55
2020-06-09,12.7,22586.85,22599.55
2020-06-10,12.7,22154.31,22167.01
2020-06-12,12.7,21687.75,21700.45
2020-06-15,12.7,21644.01,21656.71
2020-06-16,12.7,21870.0,21882.7
2020-06-17,12.7,22343.85,22356.55
2020-06-18,12.7,22509.09,22521.79
2020-06-19,12.7,22511.52,22524.22
2020-06-22,12.7,22295.25,22307.95
2020-06-23,12.7,22419.18,22431.88
2020-06-24,12.7,22057.11,22069.81
2020-06-25,12.7,22450.77,22463.47
2020-06-26,12.7,21923.46,21936.16
2020-06-29,12.7,22428.9,22441.6
2020-06-30,12.7,22263.66,22276.36
2020-07-01,12.7,22521.24,22533.94
2020-07-02,12.7,22477.5,22490.2
2020-07-03,12.7,22645.17,22657.87
2020-07-06,12.7,23160.33,23173.03
2020-07-07,12.7,22866.3,22879.0
2020-07-08,12.7,23352.3,23365.0
2020-07-09,12.7,23184.63,23197.33
2020-07-10,12.7,23410.62,23423.32
2020-07-13,12.7,23097.15,23109.85
2020-07-14,12.7,23473.8,23486.5
2020-07-15,12.7,23821.29,23833.99
2020-07-16,12.7,23527.26,23539.96
2020-07-17,12.7,24088.59,24101.29
2020-07-20,12.7,24421.5,24434.2
2020-07-21,12.7,24370.47,24383.17
2020-07-22,12.7,24392.34,24405.04
2020-07-23,12.7,23911.2,23923.9
2020-07-24,12.7,23957.37,23970.07
2020-07-27,12.7,24411.78,24424.48
2020-07-28,12.7,24312.15,24324.85
2020-07-29,12.7,24659.64,24672.34
2020-07-30,12.7,24618.33,24631.03
2020-07-31,12.7,24127.47,24140.17
2020-08-03,12.7,24105.6,24118.3
2020-08-04,12.7,23716.8,23729.5
2020-08-05,12.7,24054.57,24067.27
2020-08-06,12.7,24341.31,24354.01
2020-08-07,12.7,24015.69,24028.39
2020-08-10,12.7,24188.22,24200.92
2020-08-11,12.7,23862.6,23875.3
2020-08-12,12.7,23894.19,23906.89
2020-08-13,12.7,23451.93,23464.63
2020-08-14,12.7,23685.21,23697.91
2020-08-17,12.7,23286.69,23299.39
2020-08-18,12.7,23874.75,23887.45
2020-08-19,12.7,23571.0,23583.7
2020-08-20,12.7,23733.81,23746.51
2020-08-21,12.7,23716.8,23729.5
2020-08-24,12.7,23935.5,23948.2
2020-08-25,12.7,23899.05,23911.75
2020-08-26,12.7,23481.09,23493.79
2020-08-27,12.7,23539.41,23552.11
2020-08-28,12.7,23886.9,23899.6
2020-08-31,12.7,23255.1,23267.8
2020-09-01,12.7,23899.05,23911.75
2020-09-02,12.7,23850.45,23863.15
2020-09-03,12.7,23561.28,23573.98
2020-09-04,12.7,23673.06,23685.76
2020-09-08,12.7,23522.4,23535.1
2020-09-09,12.7,23692.5,23705.2
2020-09-10,12.7,23094.72,23107.42
2020-09-11,12.7,22958.64,22971.34
2020-09-14,12.7,23451.93,23464.63
2020-09-15,12.7,23439.78,23452.48
2020-09-16,12.7,23306.13,23318.83
2020-09-17,12.7,23417.91,23430.61
2020-09-18,12.7,22997.52,23010.22
2020-09-21,12.7,22696.2,22708.9
2020-09-22,12.7,22761.81,22774.51
2020-09-23,12.7,22397.31,22410.01
2020-09-24,12.7,22671.9,22684.6
2020-09-25,12.7,22720.5,22733.2
2020-09-28,12.7,22161.6,22174.3
2020-09-29,12.7,21850.56,21863.26
2020-09-30,12.7,22125.15,22137.85
2020-10-01,12.7,22334.13,22346.83
2020-10-02,12.7,21896.73,21909.43
2020-10-05,12.7,22511.52,22524.22
2020-10-06,12.7,22363.29,22375.99
2020-10-07,12.7,22343.85,22356.55
2020-10-08,12.7,22907.61,22920.31
2020-10-09,12.7,22756.95,22769.65
2020-10-13,12.7,23036.4,23049.1
2020-10-14,12.7,23228.37,23241.07
2020-10-15,12.7,23167.62,23180.32
2020-10-16,12.7,22973.22,22985.92
2020-10-19,12.7,23085.0,23097.7
2020-10-20,12.7,23490.81,23503.51
2020-10-21,12.7,23485.95,23498.65
2020-10-22,12.7,23828.58,23841.28
2020-10-23,12.7,23677.92,23690.62
2020-10-26,12.7,23626.89,23639.59
2020-10-27,12.7,23250.24,23262.94
2020-10-28,12.7,22249.08,22261.78
2020-10-29,12.7,22550.4,22563.1
2020-10-30,12.7,22030.38,22043.08
2020-11-03,12.7,22419.18,22431.88
2020-11-04,12.7,22880.88,22893.58
2020-11-05,12.7,23558.85,23571.55
2020-11-06,12.7,23617.17,23629.87
2020-11-09,12.7,24178.5,24191.2
2020-11-10,12.7,24543.0,24555.7
2020-11-11,12.7,24516.27,24528.97
2020-11-12,12.7,23984.1,23996.8
2020-11-13,12.7,24501.69,24514.39
2020-11-16,12.7,24909.93,24922.63
2020-11-17,12.7,25053.3,25066.0
2020-11-18,12.7,24766.56,24779.26
2020-11-19,12.7,24963.39,24976.09
2020-11-23,12.7,25097.04,25109.74
2020-11-24,12.7,25689.96,25702.66
2020-11-25,12.7,25716.69,25729.39
2020-11-26,12.7,25762.86,25775.56
2020-11-27,12.7,25864.92,25877.62
2020-11-30,12.7,25515.0,25527.7
2020-12-01,12.7,26013.15,26025.85
2020-12-02,12.7,26183.25,26195.95
2020-12-03,12.7,26280.45,26293.15
2020-12-04,12.7,26591.49,26604.19
2020-12-07,12.7,26562.33,26575.03
2020-12-08,12.7,26593.92,26606.62
2020-12-09,12.7,26431.11,26443.81
2020-12-10,12.7,26900.1,26912.8
2020-12-11,12.7,26921.97,26934.67
2020-12-14,12.7,26778.6,26791.3
2020-12-15,12.7,27157.68,27170.38
2020-12-16,12.7,27544.05,27556.75
2020-12-17,12.7,27699.57,27712.27
2020-12-18,12.7,27580.5,27593.2
2020-12-21,12.7,27077.49,27090.19
2020-12-22,12.7,27276.75,27289.45
2020-12-23,12.7,27493.02,27505.72
2020-12-28,12.7,27872.1,27884.8
2020-12-29,12.7,27937.71,27950.41
2020-12-30,12.7,28078.65,28091.35
2021-01-04,12.7,27723.87,27736.57
2021-01-05,12.7,27869.67,27882.37
2021-01-06,12.7,27835.65,27848.35
2021-01-07,12.7,28763.91,28776.61
2021-01-08,12.7,29257.2,29269.9
2021-01-11,12.7,28824.66,28837.36
2021-01-12,12.7,29026.35,29039.05
2021-01-13,12.7,28518.48,28531.18
2021-01-14,12.7,28839.24,28851.94
2021-01-15,12.7,28134.54,28147.24
2021-01-18,12.7,28319.22,28331.92
2021-01-19,12.7,28188.0,28200.7
2021-01-20,12.7,28003.32,28016.02
2021-01-21,12.7,27655.83,27668.53
2021-01-22,12.7,27502.74,27515.44
2021-01-26,12.7,27235.44,27248.14
2021-01-27,12.7,26963.28,26975.98
2021-01-28,12.7,27825.93,27838.63
2021-01-29,12.7,26866.08,26878.78
2021-02-01,12.7,27473.58,27486.28
2021-02-02,12.7,27665.55,27678.25
2021-02-03,12.7,28005.75,28018.45
2021-02-04,12.7,27852.66,27865.36
2021-02-05,12.7,28144.26,28156.96
2021-02-08,12.7,27988.74,28001.44
2021-02-09,12.7,27923.13,27935.83
2021-02-10,12.7,27682.56,27695.26
2021-02-11,12.7,27920.7,27933.4
2021-02-12,12.7,27957.15,27969.85
2021-02-17,12.7,28153.98,28166.68
2021-02-18,12.7,27850.23,27862.93
2021-02-19,12.7,27658.26,27670.96
2021-02-22,12.7,26304.75,26317.45
2021-02-23,12.7,26914.68,26927.38
2021-02-24,12.7,27084.78,27097.48
2021-02-25,12.7,26129.79,26142.49
2021-02-26,12.7,25658.37,25671.07
2021-03-01,12.7,25743.42,25756.12
2021-03-02,12.7,26122.5,26135.2
2021-03-03,12.7,26039.88,26052.58
2021-03-04,12.7,26382.51,26395.21
2021-03-05,12.7,26955.99,26968.69
2021-03-08,12.7,25600.05,25612.75
2021-03-09,12.7,26047.17,26059.87
2021-03-10,12.7,26397.09,26409.79
2021-03-11,12.7,26839.35,26852.05
2021-03-12,12.7,26652.24,26664.94
2021-03-15,12.7,26890.38,26903.08
2021-03-16,12.7,26654.67,26667.37
2021-03-17,12.7,27228.15,27240.85
2021-03-18,12.7,26851.5,26864.2
2021-03-19,12.7,27143.1,27155.8
2021-03-22,12.7,26897.67,26910.37
2021-03-23,12.7,26491.86,26504.56
2021-03-24,12.7,26212.41,26225.11
2021-03-25,12.7,26579.34,26592.04
2021-03-26,12.7,26798.04,26810.74
2021-03-29,12.7,26963.28,26975.98
2021-03-30,12.7,27320.49,27333.19
2021-03-31,12.7,27220.86,27233.56
2021-04-01,12.7,26895.24,26907.94
2021-04-05,12.7,27510.03,27522.73
2021-04-06,12.7,27524.61,27537.31
2021-04-07,12.7,27502.74,27515.44
2021-04-08,12.7,27641.25,27653.95
2021-04-09,12.7,27461.43,27474.13
2021-04-12,12.7,27799.2,27811.9
2021-04-13,12.7,27864.81,27877.51
2021-04-14,12.7,28090.8,28103.5
2021-04-15,12.7,28236.6,28249.3
2021-04-16,12.7,28299.78,28312.48
2021-04-19,12.7,28270.62,28283.32
2021-04-20,12.7,28061.64,28074.34
2021-04-22,12.7,27932.85,27945.55
2021-04-23,12.7,28180.71,28193.41
2021-04-26,12.7,28175.85,28188.55
2021-04-27,12.7,27891.54,27904.24
2021-04-28,12.7,28285.2,28297.9
2021-04-29,12.7,28022.76,28035.46
2021-04-30,12.7,27799.2,27811.9
2021-05-03,12.7,27867.24,27879.94
2021-05-04,12.7,27524.61,27537.31
2021-05-05,12.7,27981.45,27994.15
2021-05-06,12.7,28049.49,28062.19
2021-05-07,12.7,28542.78,28555.48
2021-05-10,12.7,28465.02,28477.72
2021-05-11,12.7,28705.59,28718.29
2021-05-12,12.7,28010.61,28023.31
2021-05-13,12.7,28197.72,28210.42
2021-05-14,12.7,28489.32,28502.02
2021-05-17,12.7,28749.33,28762.03
2021-05-18,12.7,28720.17,28732.87
2021-05-19,12.7,28676.43,28689.13
2021-05-20,12.7,28652.13,28664.83
2021-05-21,12.7,28676.43,28689.13
2021-05-24,12.7,28980.18,28992.88
2021-05-25,12.7,28771.2,28783.9
2021-05-26,12.7,28975.32,28988.02
2021-05-27,12.7,29060.37,29073.07
2021-05-28,12.7,29334.96,29347.66
2021-05-31,12.7,29463.75,29476.45
2021-06-01,12.7,29969.19,29981.89
2021-06-02,12.7,30294.81,30307.51
2021-06-04,12.7,30387.15,30399.85
2021-06-07,12.7,30557.25,30569.95
2021-06-08,12.7,30304.53,30317.23
2021-06-09,12.7,30345.84,30358.54
2021-06-10,12.7,30375.0,30387.7
2021-06-11,12.7,30248.64,30261.34
2021-06-14,12.7,30411.45,30424.15
2021-06-15,12.7,30418.74,30431.44
2021-06-16,12.7,30185.46,30198.16
2021-06-17,12.7,29910.87,29923.57
2021-06-18,12.7,29954.61,29967.31
2021-06-21,12.7,30187.89,30200.59
2021-06-22,12.7,30088.26,30100.96
2021-06-23,12.7,30020.22,30032.92
2021-06-24,12.7,30260.79,30273.49
2021-06-25,12.7,29767.5,29780.2
2021-06-28,12.7,29755.35,29768.05
2021-06-29,12.7,29721.33,29734.03
2021-06-30,12.7,29599.83,29612.53
2021-07-01,12.7,29337.39,29350.09
2021-07-02,12.7,29835.54,29848.24
2021-07-05,12.7,29638.71,29651.41
2021-07-06,12.7,29232.9,29245.6
2021-07-07,12.7,29714.04,29726.74
2021-07-08,12.7,29320.38,29333.08
2021-07-12,12.7,29835.54,29848.24
2021-07-13,12.7,29966.76,29979.46
2021-07-14,12.7,30003.21,30015.91
2021-07-15,12.7,29840.4,29853.1
2021-07-16,12.7,29439.45,29452.15
2021-07-19,12.7,29096.82,29109.52
2021-07-20,12.7,29305.8,29318.5
2021-07-21,12.7,29432.16,29444.86
2021-07-22,12.7,29507.49,29520.19
2021-07-23,12.7,29208.6,29221.3
2021-07-26,12.7,29451.6,29464.3
2021-07-27,12.7,29101.68,29114.38
2021-07-28,12.7,29512.35,29525.05
2021-07-29,12.7,29337.39,29350.09
2021-07-30,12.7,28457.73,28470.43
2021-08-02,12.7,28576.8,28589.5
2021-08-03,12.7,28851.39,28864.09
2021-08-04,12.7,28421.28,28433.98
2021-08-05,12.7,28413.99,28426.69
2021-08-06,12.7,28732.32,28745.02
2021-08-09,12.7,28708.02,28720.72
2021-08-10,12.7,28569.51,28582.21
2021-08-11,12.7,28494.18,28506.88
2021-08-12,12.7,28156.41,28169.11
2021-08-13,12.7,28324.08,28336.78
2021-08-16,12.7,27855.09,27867.79
2021-08-17,12.7,27544.05,27556.75
2021-08-18,12.7,27230.58,27243.28
2021-08-19,12.7,27422.55,27435.25
2021-08-20,12.7,27616.95,27629.65
2021-08-23,12.7,27471.15,27483.85
2021-08-24,12.7,28098.09,28110.79
2021-08-25,12.7,28222.02,28234.72
2021-08-26,12.7,27719.01,27731.71
2021-08-27,12.7,28231.74,28244.44
2021-08-30,12.7,27964.44,27977.14
2021-08-31,12.7,27721.44,27734.14
2021-09-01,12.7,27896.4,27909.1
2021-09-02,12.7,27252.45,27265.15
2021-09-03,12.7,27237.87,27250.57
2021-09-06,12.7,27575.64,27588.34
2021-09-08,12.7,26506.44,26519.14
2021-09-09,12.7,27096.93,27109.63
2021-09-10,12.7,26700.84,26713.54
2021-09-13,12.7,27245.16,27257.86
2021-09-14,12.7,27143.1,27155.8
2021-09-15,12.7,26895.24,26907.94
2021-09-16,12.7,26593.92,26606.62
2021-09-17,12.7,26035.02,26047.72
2021-09-20,12.7,25459.11,25471.81
2021-09-21,12.7,25702.11,25714.81
2021-09-22,12.7,26241.57,26254.27
2021-09-23,12.7,26632.8,26645.5
2021-09-24,12.7,26494.29,26506.99
2021-09-27,12.7,26460.27,26472.97
2021-09-28,12.7,25716.69,25729.39
2021-09-29,12.7,25959.69,25972.39
2021-09-30,12.7,25877.07,25889.77
2021-10-01,12.7,26363.07,26375.77
2021-10-04,12.7,25801.74,25814.44
2021-10-05,12.7,25787.16,25799.86
2021-10-06,12.7,25847.91,25860.61
2021-10-07,12.7,25860.06,25872.76
2021-10-08,12.7,26338.77,26351.47
2021-10-11,12.7,26183.25,26195.95
2021-10-13,12.7,26545.32,26558.02
2021-10-14,12.7,26479.71,26492.41
2021-10-15,12.7,26783.46,26796.16
2021-10-18,12.7,26717.85,26730.55
2021-10-19,12.7,25952.4,25965.1
2021-10-20,12.7,25855.2,25867.9
2021-10-21,12.7,25186.95,25199.65
2021-10-22,12.7,24866.19,24878.89
2021-10-25,12.7,25405.65,25418.35
2021-10-26,12.7,24846.75,24859.45
2021-10-27,12.7,24883.2,24895.9
2021-10-28,12.7,24448.23,24460.93
2021-10-29,12.7,24222.24,24234.94
2021-11-01,12.7,24669.36,24682.06
2021-11-03,12.7,24786.0,24798.7
2021-11-04,12.7,24214.95,24227.65
2021-11-05,12.7,24496.83,24509.53
2021-11-08,12.7,24501.69,24514.39
2021-11-09,12.7,24637.77,24650.47
2021-11-10,12.7,24790.86,24803.56
2021-11-11,12.7,25162.65,25175.35
2021-11-12,12.7,24817.59,24830.29
2021-11-16,12.7,24387.48,24400.18
2021-11-17,12.7,24117.75,24130.45
2021-11-18,12.7,23971.95,23984.65
2021-11-19,12.7,24122.61,24135.31
2021-11-22,12.7,23872.32,23885.02
2021-11-23,12.7,24300.0,24312.7
2021-11-24,12.7,24460.38,24473.08
2021-11-25,12.7,24783.57,24796.27
2021-11-26,12.7,23908.77,23921.47
2021-11-29,12.7,24059.43,24072.13
2021-11-30,12.7,23899.05,23911.75
2021-12-01,12.7,23592.87,23605.57
2021-12-02,12.7,24404.49,24417.19
2021-12-03,12.7,24620.76,24633.46
2021-12-06,12.7,25029.0,25041.7
2021-12-07,12.7,25182.09,25194.79
2021-12-08,12.7,25320.6,25333.3
2021-12-09,12.7,24820.02,24832.72
2021-12-10,12.7,25206.39,25219.09
2021-12-13,12.7,25150.5,25163.2
2021-12-14,12.7,24956.1,24968.8
2021-12-15,12.7,25077.6,25090.3
2021-12-16,12.7,25371.63,25384.33
2021-12-17,12.7,25053.3,25066.0
2021-12-20,12.7,24543.0,24555.7
2021-12-21,12.7,24645.06,24657.76
2021-12-22,12.7,24647.49,24660.19
2021-12-23,12.7,24506.55,24519.25
2021-12-27,12.7,24688.8,24701.5
2021-12-28,12.7,24557.58,24570.28
2021-12-29,12.7,24360.75,24373.45
2021-12-30,12.7,24494.4,24507.1
2022-01-03,12.7,24282.99,24295.69
2022-01-04,12.7,24195.51,24208.21
2022-01-05,12.7,23595.3,23608.0
2022-01-06,12.7,23777.55,23790.25
2022-01-07,12.7,23984.1,23996.8
2022-01-10,12.7,23918.49,23931.19
2022-01-11,12.7,24324.3,24337.0
2022-01-12,12.7,24764.13,24776.83
2022-01-13,12.7,24676.65,24689.35
2022-01-14,12.7,25046.01,25058.71
2022-01-17,12.7,24926.94,24939.64
2022-01-18,12.7,24992.55,25005.25
2022-01-19,12.7,25284.15,25296.85
2022-01-20,12.7,25490.7,25503.4
2022-01-21,12.7,25442.1,25454.8
2022-01-24,12.7,25291.44,25304.14
2022-01-25,12.7,25838.19,25850.89
2022-01-26,12.7,26095.77,26108.47
2022-01-27,12.7,26292.6,26305.3
2022-01-28,12.7,26141.94,26154.64
2022-01-31,12.7,26239.14,26251.84
2022-02-01,12.7,26523.45,26536.15
2022-02-02,12.7,26168.67,26181.37
2022-02-03,12.7,26188.11,26200.81
2022-02-04,12.7,26248.86,26261.56
2022-02-07,12.7,26175.96,26188.66
2022-02-08,12.7,26299.89,26312.59
2022-02-09,12.7,26299.89,26312.59
2022-02-10,12.7,26511.3,26524.0
2022-02-11,12.7,26562.33,26575.03
2022-02-14,12.7,26613.36,26626.06
2022-02-15,12.7,26875.8,26888.5
2022-02-16,12.7,26917.11,26929.81
2022-02-17,12.7,26511.3,26524.0
2022-02-18,12.7,26367.93,26380.63
2022-02-21,12.7,26110.35,26123.05
2022-02-22,12.7,26487.0,26499.7
2022-02-23,12.7,26141.94,26154.64
2022-02-24,12.7,26117.64,26130.34
2022-02-25,12.7,26462.7,26475.4
2022-03-02,12.7,26997.3,27010.0
2022-03-03,12.7,26977.86,26990.56
2022-03-04,12.7,26827.2,26839.9
2022-03-07,12.7,26027.73,26040.43
2022-03-08,12.7,26071.47,26084.17
2022-03-09,12.7,26676.54,26689.24
2022-03-10,12.7,26584.2,26596.9
2022-03-11,12.7,26171.1,26183.8
2022-03-14,12.7,25767.72,25780.42
2022-03-15,12.7,25490.7,25503.4
2022-03-16,12.7,26035.02,26047.72
2022-03-17,12.7,26414.1,26426.8
2022-03-18,12.7,26907.39,26920.09
2022-03-21,12.7,27201.42,27214.12
2022-03-22,12.7,27483.3,27496.0
2022-03-23,12.7,27434.7,27447.4
2022-03-24,12.7,27881.82,27894.52
2022-03-25,12.7,27884.25,27896.95
2022-03-28,12.7,27825.93,27838.63
2022-03-29,12.7,28127.25,28139.95
2022-03-30,12.7,28163.7,28176.4
2022-03-31,12.7,28090.8,28103.5
2022-04-01,12.7,28479.6,28492.3
2022-04-04,12.7,28382.4,28395.1
2022-04-05,12.7,27825.93,27838.63
2022-04-06,12.7,27670.41,27683.11
2022-04-07,12.7,27859.95,27872.65
2022-04-08,12.7,27697.14,27709.84
2022-04-11,12.7,27354.51,27367.21
2022-04-12,12.7,27160.11,27172.81
2022-04-13,12.7,27342.36,27355.06
2022-04-14,12.7,27130.95,27143.65
2022-04-18,12.7,27084.78,27097.48
2022-04-19,12.7,26953.56,26966.26
2022-04-20,12.7,26742.15,26754.85
2022-04-22,12.7,25940.25,25952.95
2022-04-25,12.7,25942.68,25955.38
2022-04-26,12.7,25340.04,25352.74
2022-04-27,12.7,25641.36,25654.06
2022-04-28,12.7,25723.98,25736.68
2022-04-29,12.7,25126.2,25138.9
2022-05-02,12.7,24960.96,24973.66
2022-05-03,12.7,24960.96,24973.66
2022-05-04,12.7,25364.34,25377.04
2022-05-05,12.7,24664.5,24677.2
2022-05-06,12.7,24598.89,24611.59
2022-05-09,12.7,24222.24,24234.94
2022-05-10,12.7,24115.32,24128.02
2022-05-11,12.7,24455.52,24468.22
2022-05-12,12.7,24795.72,24808.42
2022-05-13,12.7,25099.47,25112.17
2022-05-16,12.7,25369.2,25381.9
2022-05-17,12.7,25490.7,25503.4
2022-05-18,12.7,24837.03,24849.73
2022-05-19,12.7,25048.44,25061.14
2022-05-20,12.7,25432.38,25445.08
2022-05-23,12.7,25942.68,25955.38
2022-05-24,12.7,25913.52,25926.22
2022-05-25,12.7,25918.38,25931.08
2022-05-26,12.7,26248.86,26261.56
2022-05-27,12.7,26219.7,26232.4
2022-05-30,12.7,25981.56,25994.26
2022-05-31,12.7,26044.74,26057.44
2022-06-01,12.7,26115.21,26127.91
2022-06-02,12.7,26348.49,26361.19
2022-06-03,12.7,26117.64,26130.34
2022-06-06,12.7,25860.06,25872.76
2022-06-07,12.7,25794.45,25807.15
2022-06-08,12.7,25417.8,25430.5
2022-06-09,12.7,25194.24,25206.94
2022-06-10,12.7,24742.26,24754.96
2022-06-13,12.7,24086.16,24098.86
2022-06-14,12.7,23901.48,23914.18
2022-06-15,12.7,24149.34,24162.04
2022-06-17,12.7,23379.03,23391.73
2022-06-20,12.7,23398.47,23411.17
2022-06-21,12.7,23425.2,23437.9
2022-06-22,12.7,23335.29,23347.99
2022-06-23,12.7,23002.38,23015.08
2022-06-24,12.7,23199.21,23211.91
2022-06-27,12.7,23656.05,23668.75
2022-06-28,12.7,23583.15,23595.85
2022-06-29,12.7,23328.0,23340.7
2022-06-30,12.7,23085.0,23097.7
2022-07-01,12.7,23238.09,23250.79
2022-07-04,12.7,23133.6,23146.3
2022-07-05,12.7,23036.4,23049.1
2022-07-06,12.7,23187.06,23199.76
2022-07-07,12.7,23663.34,23676.04
2022-07-08,12.7,23541.84,23554.54
2022-07-11,12.7,23036.4,23049.1
2022-07-12,12.7,23060.7,23073.4
2022-07-13,12.7,22965.93,22978.63
2022-07-14,12.7,22489.65,22502.35
2022-07-15,12.7,22664.61,22677.31
2022-07-18,12.7,22688.91,22701.61
2022-07-19,12.7,23012.1,23024.8
2022-07-20,12.7,23072.85,23085.55
2022-07-21,12.7,23170.05,23182.75
2022-07-22,12.7,23187.06,23199.76
2022-07-25,12.7,23510.25,23522.95
2022-07-26,12.7,23364.45,23377.15
2022-07-27,12.7,23772.69,23785.39
2022-07-28,12.7,24081.3,24094.0
2022-07-29,12.7,24129.9,24142.6
2022-08-01,12.7,23950.08,23962.78
2022-08-02,12.7,24185.79,24198.49
2022-08-03,12.7,24348.6,24361.3
2022-08-04,12.7,24902.64,24915.34
2022-08-05,12.7,24965.82,24978.52
2022-08-08,12.7,25466.4,25479.1
2022-08-09,12.7,25527.15,25539.85
2022-08-10,12.7,25894.08,25906.78
2022-08-11,12.7,25728.84,25741.54
2022-08-12,12.7,26399.52,26412.22
2022-08-15,12.7,26479.71,26492.41
2022-08-16,12.7,26671.68,26684.38
2022-08-17,12.7,26727.57,26740.27
2022-08-18,12.7,26715.42,26728.12
2022-08-19,12.7,26129.79,26142.49
2022-08-22,12.7,25935.39,25948.09
2022-08-23,12.7,26511.3,26524.0
2022-08-24,12.7,26530.74,26543.44
2022-08-25,12.7,26632.8,26645.5
2022-08-26,12.7,26331.48,26344.18
2022-08-29,12.7,26341.2,26353.9
2022-08-30,12.7,25855.2,25867.9
2022-08-31,12.7,25716.69,25729.39
2022-09-01,12.7,25901.37,25914.07
2022-09-02,12.7,26022.87,26035.57
2022-09-05,12.7,26353.35,26366.05
2022-09-06,12.7,25745.85,25758.55
2022-09-08,12.7,25801.74,25814.44
2022-09-09,12.7,26341.2,26353.9
2022-09-12,12.7,26620.65,26633.35
2022-09-13,12.7,25996.14,26008.84
2022-09-14,12.7,25940.25,25952.95
2022-09-15,12.7,25784.73,25797.43
2022-09-16,12.7,25660.8,25673.5
2022-09-19,12.7,26297.46,26310.16
2022-09-20,12.7,26450.55,26463.25
2022-09-21,12.7,26282.88,26295.58
2022-09-22,12.7,26761.59,26774.29
2022-09-23,12.7,26205.12,26217.82
2022-09-26,12.7,25546.59,25559.29
2022-09-27,12.7,25437.24,25449.94
2022-09-28,12.7,25471.26,25483.96
2022-09-29,12.7,25223.4,25236.1
2022-09-30,12.7,25869.78,25882.48
2022-10-03,12.7,27313.2,27325.9
2022-10-04,12.7,27301.05,27313.75
2022-10-05,12.7,27536.76,27549.46
2022-10-06,12.7,27573.21,27585.91
2022-10-07,12.7,27405.54,27418.24
2022-10-10,12.7,27235.44,27248.14
2022-10-11,12.7,26946.27,26958.97
2022-10-13,12.7,26793.18,26805.88
2022-10-14,12.7,26297.46,26310.16
2022-10-17,12.7,26705.7,26718.4
2022-10-18,12.7,27201.42,27214.12
2022-10-19,12.7,27301.05,27313.75
2022-10-20,12.7,27434.7,27447.4
2022-10-21,12.7,28292.49,28305.19
2022-10-24,12.7,27250.02,27262.72
2022-10-25,12.7,26846.64,26859.34
2022-10-26,12.7,26433.54,26446.24
2022-10-27,12.7,26730.0,26742.7
2022-10-28,12.7,27459.0,27471.7
2022-10-31,12.7,27252.45,27265.15
2022-11-01,12.7,27412.83,27425.53
2022-11-03,12.7,27483.3,27496.0
2022-11-04,12.7,27702.0,27714.7
2022-11-07,12.7,27026.46,27039.16
2022-11-08,12.7,27288.9,27301.6
2022-11-09,12.7,26669.25,26681.95
2022-11-10,12.7,25782.3,25795.0
2022-11-11,12.7,26377.65,26390.35
2022-11-14,12.7,26545.32,26558.02
2022-11-16,12.7,25767.72,25780.42
2022-11-17,12.7,25682.67,25695.37
2022-11-18,12.7,25478.55,25491.25
2022-11-21,12.7,25777.44,25790.14
2022-11-22,12.7,25532.01,25544.71
2022-11-23,12.7,25573.32,25586.02
2022-11-24,12.7,26292.6,26305.3
2022-11-25,12.7,25532.01,25544.71
2022-11-28,12.7,25551.45,25564.15
2022-11-29,12.7,26071.47,26084.17
2022-11-30,12.7,26384.94,26397.64
2022-12-01,12.7,26015.58,26028.28
2022-12-02,12.7,26231.85,26244.55
2022-12-05,12.7,25668.09,25680.79
2022-12-06,12.7,25937.82,25950.52
2022-12-07,12.7,25658.37,25671.07
2022-12-08,12.7,25167.51,25180.21
2022-12-09,12.7,25247.7,25260.4
2022-12-12,12.7,24737.4,24750.1
2022-12-13,12.7,24372.9,24385.6
2022-12-14,12.7,24470.1,24482.8
2022-12-15,12.7,24421.5,24434.2
2022-12-16,12.7,24154.2,24166.9
2022-12-19,12.7,24632.91,24645.61
2022-12-20,12.7,25162.65,25175.35
2022-12-21,12.7,25240.41,25253.11
2022-12-22,12.7,25254.99,25267.69
2022-12-23,12.7,25758.0,25770.7
2022-12-26,12.7,25551.45,25564.15
2022-12-27,12.7,25490.7,25503.4
2022-12-28,12.7,25952.4,25965.1
2022-12-29,12.7,25745.85,25758.55
2023-01-02,12.7,24939.09,24951.79
2023-01-03,12.7,24416.64,24429.34
2023-01-04,12.7,24766.56,24779.26
2023-01-05,12.7,25337.61,25350.31
2023-01-06,12.7,25636.5,25649.2
2023-01-09,12.7,25600.05,25612.75
2023-01-10,12.7,26044.74,26057.44
2023-01-11,12.7,26511.3,26524.0
2023-01-12,12.7,26307.18,26319.88
2023-01-13,12.7,26086.05,26098.75
2023-01-16,12.7,25629.21,25641.91
2023-01-17,12.7,26195.4,26208.1
2023-01-18,12.7,26324.19,26336.89
2023-01-19,12.7,26513.73,26526.43
2023-01-20,12.7,26353.35,26366.05
2023-01-23,12.7,26219.7,26232.4
2023-01-24,12.7,26591.49,26604.19
2023-01-25,12.7,26887.95,26900.65
2023-01-26,12.7,26832.06,26844.76
2023-01-27,12.7,26341.2,26353.9
2023-01-30,12.7,26414.1,26426.8
2023-01-31,12.7,26691.12,26703.82
2023-02-01,12.7,26341.2,26353.9
2023-02-02,12.7,25830.9,25843.6
2023-02-03,12.7,25483.41,25496.11
2023-02-06,12.7,25575.75,25588.45
2023-02-07,12.7,25296.3,25309.0
2023-02-08,12.7,25840.62,25853.32
2023-02-09,12.7,25378.92,25391.62
2023-02-10,12.7,25454.25,25466.95
2023-02-13,12.7,25629.21,25641.91
2023-02-14,12.7,25376.49,25389.19
2023-02-15,12.7,25770.15,25782.85
2023-02-16,12.7,25879.5,25892.2
2023-02-17,12.7,25651.08,25663.78
2023-02-22,12.7,25174.8,25187.5
2023-02-23,12.7,25308.45,25321.15
2023-02-24,12.7,24878.34,24891.04
2023-02-27,12.7,24856.47,24869.17
2023-02-28,12.7,24579.45,24592.15
2023-03-01,12.7,24591.6,24604.3
2023-03-02,12.7,24285.42,24298.12
2023-03-03,12.7,24402.06,24414.76
2023-03-06,12.7,24657.21,24669.91
2023-03-07,12.7,24518.7,24531.4
2023-03-08,12.7,25082.46,25095.16
2023-03-09,12.7,24679.08,24691.78
2023-03-10,12.7,24351.03,24363.73
2023-03-13,12.7,24246.54,24259.24
2023-03-14,12.7,24197.94,24210.64
2023-03-15,12.7,24151.77,24164.47
2023-03-16,12.7,24300.0,24312.7
2023-03-17,12.7,24020.55,24033.25
2023-03-20,12.7,23741.1,23753.8
2023-03-21,12.7,23796.99,23809.69
2023-03-22,12.7,23578.29,23590.99
2023-03-23,12.7,22982.94,22995.64
2023-03-24,12.7,23293.98,23306.68
2023-03-27,12.7,23459.22,23471.92
2023-03-28,12.7,23821.29,23833.99
2023-03-29,12.7,23947.65,23960.35
2023-03-30,12.7,24414.21,24426.91
2023-03-31,12.7,23933.07,23945.77
2023-04-03,12.7,23886.9,23899.6
2023-04-04,12.7,23937.93,23950.63
2023-04-05,12.7,23724.09,23736.79
2023-04-06,12.7,23714.37,23727.07
2023-04-10,12.7,23974.38,23987.08
2023-04-11,12.7,25007.13,25019.83
2023-04-12,12.7,25114.05,25126.75
2023-04-13,12.7,25011.99,25024.69
2023-04-14,12.7,25038.72,25051.42
2023-04-17,12.7,24958.53,24971.23
2023-04-18,12.7,24956.1,24968.8
2023-04-19,12.7,24416.64,24429.34
2023-04-20,12.7,24543.0,24555.7
2023-04-24,12.7,24450.66,24463.36
2023-04-25,12.7,24280.56,24293.26
2023-04-26,12.7,24059.43,24072.13
2023-04-27,12.7,24185.79,24198.49
2023-04-28,12.7,24518.7,24531.4
2023-05-02,12.7,23933.07,23945.77
2023-05-03,12.7,23959.8,23972.5
2023-05-04,12.7,24044.85,24057.55
2023-05-05,12.7,24764.13,24776.83
2023-05-08,12.7,24905.07,24917.77
2023-05-09,12.7,25223.4,25236.1
2023-05-10,12.7,25264.71,25277.41
2023-05-11,12.7,25471.26,25483.96
2023-05-12,12.7,25527.15,25539.85
2023-05-15,12.7,25629.21,25641.91
2023-05-16,12.7,25425.09,25437.79
2023-05-17,12.7,25760.43,25773.13
2023-05-18,12.7,25940.25,25952.95
2023-05-19,12.7,26039.88,26052.58
2023-05-22,12.7,25891.65,25904.35
2023-05-23,12.7,25864.92,25877.62
2023-05-24,12.7,25580.61,25593.31
2023-05-25,12.7,25891.65,25904.35
2023-05-26,12.7,26124.93,26137.63
2023-05-29,12.7,25945.11,25957.81
2023-05-30,12.7,25607.34,25620.04
2023-05-31,12.7,25476.12,25488.82
2023-06-01,12.7,26049.6,26062.3
2023-06-02,12.7,26491.86,26504.56
2023-06-05,12.7,26521.02,26533.72
2023-06-06,12.7,26990.01,27002.71
2023-06-07,12.7,27162.54,27175.24
2023-06-09,12.7,27510.03,27522.73
2023-06-12,12.7,27614.52,27627.22
2023-06-13,12.7,27444.42,27457.12
2023-06-14,12.7,27971.73,27984.43
2023-06-15,12.7,28042.2,28054.9
2023-06-16,12.7,27920.7,27933.4
2023-06-19,12.7,28219.59,28232.29
2023-06-20,12.7,28144.26,28156.96
2023-06-21,12.7,28253.61,28266.31
2023-06-22,12.7,28008.18,28020.88
2023-06-23,12.7,28020.33,28033.03
2023-06-26,12.7,27804.06,27816.76
2023-06-27,12.7,27646.11,27658.81
2023-06-28,12.7,27466.29,27478.99
2023-06-29,12.7,27923.13,27935.83
2023-06-30,12.7,27743.31,27756.01
2023-07-03,12.7,28173.42,28186.12
2023-07-04,12.7,28003.32,28016.02
2023-07-05,12.7,28149.12,28161.82
2023-07-06,12.7,27614.52,27627.22
2023-07-07,12.7,27991.17,28003.87
2023-07-10,12.7,27726.3,27739.0
2023-07-11,12.7,27653.4,27666.1
2023-07-12,12.7,27660.69,27673.39
2023-07-13,12.7,28085.94,28098.64
2023-07-14,12.7,27692.28,27704.98
2023-07-17,12.7,27874.53,27887.23
2023-07-18,12.7,27689.85,27702.55
2023-07-19,12.7,27641.25,27653.95
2023-07-20,12.7,27784.62,27797.32
2023-07-21,12.7,28285.2,28297.9
2023-07-24,12.7,28569.51,28582.21
2023-07-25,12.7,28669.14,28681.84
2023-07-26,12.7,28853.82,28866.52
2023-07-27,12.7,28197.72,28210.42
2023-07-28,12.7,28314.36,28327.06
2023-07-31,12.7,28661.85,28674.55
2023-08-01,12.7,28557.36,28570.06
2023-08-02,12.7,28433.43,28446.13
2023-08-03,12.7,28360.53,28373.23
2023-08-04,12.7,28105.38,28118.08
2023-08-07,12.7,28093.23,28105.93
2023-08-08,12.7,28010.61,28023.31
2023-08-09,12.7,27872.1,27884.8
2023-08-10,12.7,27825.93,27838.63
2023-08-11,12.7,27762.75,27775.45
2023-08-14,12.7,27534.33,27547.03
2023-08-15,12.7,27305.91,27318.61
2023-08-16,12.7,27184.41,27197.11
2023-08-17,12.7,27060.48,27073.18
2023-08-18,12.7,27143.1,27155.8
2023-08-21,12.7,26921.97,26934.67
2023-08-22,12.7,27315.63,27328.33
2023-08-23,12.7,27774.9,27787.6
2023-08-24,12.7,27531.9,27544.6
2023-08-25,12.7,27252.45,27265.15
2023-08-28,12.7,27580.5,27593.2
2023-08-29,12.7,27852.66,27865.36
2023-08-30,12.7,27677.7,27690.4
2023-08-31,12.7,27291.33,27304.03
2023-09-01,12.7,27714.15,27726.85
2023-09-04,12.7,27736.02,27748.72
2023-09-05,12.7,27609.66,27622.36
2023-09-06,12.7,27276.75,27289.45
2023-09-08,12.7,27133.38,27146.08
2023-09-11,12.7,27575.64,27588.34
2023-09-12,12.7,27755.46,27768.16
2023-09-13,12.7,27813.78,27826.48
2023-09-14,12.7,28088.37,28101.07
2023-09-15,12.7,27925.56,27938.26
2023-09-18,12.7,27859.95,27872.65
2023-09-19,12.7,27726.3,27739.0
2023-09-20,12.7,27952.29,27964.99
2023-09-21,12.7,27361.8,27374.5
2023-09-22,12.7,27364.23,27376.93
2023-09-25,12.7,27354.51,27367.21
2023-09-26,12.7,26887.95,26900.65
2023-09-27,12.7,26900.1,26912.8
2023-09-28,12.7,27259.74,27272.44
2023-09-29,12.7,27495.45,27508.15
2023-10-02,12.7,27092.07,27104.77
2023-10-03,12.7,26686.26,26698.96
2023-10-04,12.7,26773.74,26786.44
2023-10-05,12.7,26669.25,26681.95
2023-10-06,12.7,26890.38,26903.08
2023-10-09,12.7,27152.82,27165.52
2023-10-10,12.7,27490.59,27503.29
2023-10-11,12.7,27580.5,27593.2
2023-10-13,12.7,27230.58,27243.28
2023-10-16,12.7,27444.42,27457.12
2023-10-17,12.7,27298.62,27311.32
2023-10-18,12.7,26819.91,26832.61
2023-10-19,12.7,26875.8,26888.5
2023-10-20,12.7,26608.5,26621.2
2023-10-23,12.7,26572.05,26584.75
2023-10-24,12.7,26788.32,26801.02
2023-10-25,12.7,26572.05,26584.75
2023-10-26,12.7,27070.2,27082.9
2023-10-27,12.7,26693.55,26706.25
2023-10-30,12.7,26477.28,26489.98
2023-10-31,12.7,26637.66,26650.36
2023-11-01,12.7,27109.08,27121.78
2023-11-03,12.7,27884.25,27896.95
2023-11-06,12.7,27898.83,27911.53
2023-11-07,12.7,28107.81,28120.51
2023-11-08,12.7,28071.36,28084.06
2023-11-09,12.7,27988.74,28001.44
2023-11-10,12.7,28433.43,28446.13
2023-11-13,12.7,28387.26,28399.96
2023-11-14,12.7,29065.23,29077.93
2023-11-16,12.7,29393.28,29405.98
2023-11-17,12.7,29427.3,29440.0
2023-11-20,12.7,29706.75,29719.45
2023-11-21,12.7,29587.68,29600.38
2023-11-22,12.7,29682.45,29695.15
2023-11-23,12.7,29859.84,29872.54
2023-11-24,12.7,29563.38,29576.08
2023-11-27,12.7,29631.42,29644.12
2023-11-28,12.7,29820.96,29833.66
2023-11-29,12.7,29711.61,29724.31
2023-11-30,12.7,30027.51,30040.21
2023-12-01,12.7,30190.32,30203.02
2023-12-04,12.7,29879.28,29891.98
2023-12-05,12.7,29891.43,29904.13
2023-12-06,12.7,29577.96,29590.66
2023-12-07,12.7,29716.47,29729.17
2023-12-08,12.7,29964.33,29977.03
2023-12-11,12.7,29915.73,29928.43
2023-12-12,12.7,29791.8,29804.5
2023-12-13,12.7,30547.53,30560.23
2023-12-14,12.7,30831.84,30844.54
2023-12-15,12.7,30686.04,30698.74
2023-12-18,12.7,30926.61,30939.31
2023-12-19,12.7,31116.15,31128.85
2023-12-20,12.7,30817.26,30829.96
2023-12-21,12.7,31189.05,31201.75
2023-12-22,12.7,31332.42,31345.12
2023-12-26,12.7,31504.95,31517.65
2023-12-27,12.7,31645.89,31658.59
2023-12-28,12.7,31684.77,31697.47
2024-01-02,12.7,31288.68,31301.38
2024-01-03,12.7,31344.57,31357.27
2024-01-04,12.7,30946.05,30958.75
2024-01-05,12.7,31164.75,31177.45
2024-01-08,12.7,31242.51,31255.21
2024-01-09,12.7,31004.37,31017.07
2024-01-10,12.7,30846.42,30859.12
2024-01-11,12.7,30814.83,30827.53
2024-01-12,12.7,30916.89,30929.59
2024-01-15,12.7,31060.26,31072.96
2024-01-16,12.7,30494.07,30506.77
2024-01-17,12.7,30260.79,30273.49
2024-01-18,12.7,30025.08,30037.78
2024-01-19,12.7,30093.12,30105.82
2024-01-22,12.7,29816.1,29828.8
2024-01-23,12.7,30265.65,30278.35
2024-01-24,12.7,30124.71,30137.41
2024-01-25,12.7,30243.78,30256.48
2024-01-26,12.7,30394.44,30407.14
2024-01-29,12.7,30314.25,30326.95
2024-01-30,12.7,30027.51,30040.21
2024-01-31,12.7,30119.85,30132.55
2024-02-01,12.7,30268.08,30280.78
2024-02-02,12.7,30029.94,30042.64
2024-02-05,12.7,30097.98,30110.68
2024-02-06,12.7,30831.84,30844.54
2024-02-07,12.7,30659.31,30672.01
2024-02-08,12.7,30255.93,30268.63
2024-02-09,12.7,30163.59,30176.29
2024-02-14,12.7,29944.89,29957.59
2024-02-15,12.7,30146.58,30159.28
2024-02-16,12.7,30345.84,30358.54
2024-02-19,12.7,30409.02,30421.72
2024-02-20,12.7,30664.17,30676.87
2024-02-21,12.7,30661.74,30674.44
2024-02-22,12.7,30690.9,30703.6
2024-02-23,12.7,30523.23,30535.93
2024-02-26,12.7,30562.11,30574.81
2024-02-27,12.7,31065.12,31077.82
2024-02-28,12.7,30681.18,30693.88
2024-02-29,12.7,30435.75,30448.45
2024-03-01,12.7,30433.32,30446.02
2024-03-04,12.7,30253.5,30266.2
2024-03-05,12.7,30229.2,30241.9
2024-03-06,12.7,30411.45,30424.15
2024-03-07,12.7,30294.81,30307.51
2024-03-08,12.7,29952.18,29964.88
2024-03-11,12.7,29723.76,29736.46
2024-03-12,12.7,30085.83,30098.53
2024-03-13,12.7,30221.91,30234.61
2024-03-14,12.7,30088.26,30100.96
2024-03-15,12.7,29857.41,29870.11
2024-03-18,12.7,29901.15,29913.85
2024-03-19,12.7,30066.39,30079.09
2024-03-20,12.7,30484.35,30497.05
2024-03-21,12.7,30221.91,30234.61
2024-03-22,12.7,29940.03,29952.73
2024-03-25,12.7,29935.17,29947.87
2024-03-26,12.7,29947.32,29960.02
2024-03-27,12.7,30144.15,30156.85
2024-03-28,12.7,30212.19,30224.89
2024-04-01,12.7,29959.47,29972.17
2024-04-02,12.7,30068.82,30081.52
2024-04-03,12.7,30020.22,30032.92
2024-04-04,12.7,30054.24,30066.94
2024-04-05,12.7,29864.7,29877.4
2024-04-08,12.7,30406.59,30419.29
2024-04-09,12.7,30669.03,30681.73
2024-04-10,12.7,30168.45,30181.15
2024-04-11,12.7,30063.96,30076.66
2024-04-12,12.7,29675.16,29687.86
2024-04-15,12.7,29536.65,29549.35
2024-04-16,12.7,29366.55,29379.25
2024-04-17,12.7,29291.22,29303.92
2024-04-18,12.7,29276.64,29289.34
2024-04-19,12.7,29529.36,29542.06
2024-04-22,12.7,29597.4,29610.1
2024-04-23,12.7,29502.63,29515.33
2024-04-24,12.7,29395.71,29408.41
2024-04-25,12.7,29381.13,29393.83
2024-04-26,12.7,29847.69,29860.39
2024-04-29,12.7,30076.11,30088.81
2024-04-30,12.7,29738.34,29751.04
2024-05-02,12.7,29974.05,29986.75
2024-05-03,12.7,30331.26,30343.96
2024-05-06,12.7,30304.53,30317.23
2024-05-07,12.7,30472.2,30484.9
2024-05-08,12.7,30557.25,30569.95
2024-05-09,12.7,30258.36,30271.06
2024-05-10,12.7,30134.43,30147.13
2024-05-13,12.7,30268.08,30280.78
2024-05-14,12.7,30328.83,30341.53
2024-05-15,12.7,30187.89,30200.59
2024-05-16,12.7,30265.65,30278.35
2024-05-17,12.7,30221.91,30234.61
2024-05-20,12.7,30161.16,30173.86
2024-05-21,12.7,30059.1,30071.8
2024-05-22,12.7,29663.01,29675.71
2024-05-23,12.7,29427.3,29440.0
2024-05-24,12.7,29315.52,29328.22
2024-05-27,12.7,29371.41,29384.11
2024-05-28,12.7,29203.74,29216.44
2024-05-29,12.7,28946.16,28958.86
2024-05-31,12.7,28834.38,28847.08
2024-06-03,12.7,28780.92,28793.62
2024-06-04,12.7,28712.88,28725.58
2024-06-05,12.7,28649.7,28662.4
2024-06-06,12.7,29014.2,29026.9
2024-06-07,12.7,28462.59,28475.29
2024-06-10,12.7,28516.05,28528.75
2024-06-11,12.7,28674.0,28686.7
2024-06-12,12.7,28299.78,28312.48
2024-06-13,12.7,28231.74,28244.44
2024-06-14,12.7,28241.46,28254.16
2024-06-17,12.7,28124.82,28137.52
2024-06-18,12.7,28217.16,28229.86
2024-06-19,12.7,28372.68,28385.38
2024-06-20,12.7,28460.16,28472.86
2024-06-21,12.7,28678.86,28691.56
2024-06-24,12.7,28936.44,28949.14
2024-06-25,12.7,28892.7,28905.4
2024-06-26,12.7,28951.02,28963.72
2024-06-27,12.7,29354.4,29367.1
2024-06-28,12.7,29252.34,29265.04
2024-07-01,12.7,29422.44,29435.14
2024-07-02,12.7,29483.19,29495.89
2024-07-03,12.7,29680.02,29692.72
2024-07-04,12.7,29796.66,29809.36
2024-07-05,12.7,29816.1,29828.8
2024-07-08,12.7,29874.42,29887.12
2024-07-09,12.7,30020.22,30032.92
2024-07-10,12.7,30010.5,30023.2
2024-07-11,12.7,30270.51,30283.21
2024-07-12,12.7,30423.6,30436.3
2024-07-15,12.7,30549.96,30562.66
2024-07-16,12.7,30464.91,30477.61
2024-07-17,12.7,30574.26,30586.96
2024-07-18,12.7,30136.86,30149.56
2024-07-19,12.7,30132.0,30144.7
2024-07-22,12.7,30195.18,30207.88
2024-07-23,12.7,29876.85,29889.55
2024-07-24,12.7,29854.98,29867.68
2024-07-25,12.7,29745.63,29758.33
2024-07-26,12.7,30127.14,30139.84
2024-07-29,12.7,30000.78,30013.48
2024-07-30,12.7,29818.53,29831.23
2024-07-31,12.7,30141.72,30154.42
2024-08-01,12.7,30068.82,30081.52
2024-08-02,12.7,29738.34,29751.04
2024-08-05,12.7,29590.11,29602.81
2024-08-06,12.7,29825.82,29838.52
2024-08-07,12.7,30141.72,30154.42
2024-08-08,12.7,30447.9,30460.6
2024-08-09,12.7,30892.59,30905.29
2024-08-12,12.7,31018.95,31031.65
2024-08-13,12.7,31293.54,31306.24
2024-08-14,12.7,31512.24,31524.94
2024-08-15,12.7,31709.07,31721.77
2024-08-16,12.7,31660.47,31673.17
2024-08-19,12.7,32071.14,32083.84
2024-08-20,12.7,32182.92,32195.62
2024-08-21,12.7,32255.82,32268.52
2024-08-22,12.7,31971.51,31984.21
2024-08-23,12.7,32071.14,32083.84
2024-08-26,12.7,32370.03,32382.73
2024-08-27,12.7,32321.43,32334.13
2024-08-28,12.7,32469.66,32482.36
2024-08-29,12.7,32117.31,32130.01
2024-08-30,12.7,32221.8,32234.5
2024-09-02,12.7,31857.3,31870.0
2024-09-03,12.7,31743.09,31755.79
2024-09-04,12.7,32168.34,32181.04
2024-09-05,12.7,32292.27,32304.97
2024-09-06,12.7,31823.28,31835.98
2024-09-09,12.7,31842.72,31855.42
2024-09-10,12.7,31743.09,31755.79
2024-09-11,12.7,31884.03,31896.73
2024-09-12,12.7,31665.33,31678.03
2024-09-13,12.7,31884.03,31896.73
2024-09-16,12.7,31925.34,31938.04
2024-09-17,12.7,31913.19,31925.89
2024-09-18,12.7,31602.15,31614.85
2024-09-19,12.7,31436.91,31449.61
2024-09-20,12.7,31014.09,31026.79
2024-09-23,12.7,30861.0,30873.7
2024-09-24,12.7,31269.24,31281.94
2024-09-25,12.7,31084.56,31097.26
2024-09-26,12.7,31427.19,31439.89
2024-09-27,12.7,31356.72,31369.42
2024-09-30,12.7,31208.49,31221.19
2024-10-01,12.7,31312.98,31325.68
2024-10-02,12.7,31553.55,31566.25
2024-10-03,12.7,31111.29,31123.99
2024-10-04,12.7,31152.6,31165.3
2024-10-07,12.7,31213.35,31226.05
2024-10-08,12.7,31086.99,31099.69
2024-10-09,12.7,30703.05,30715.75
2024-10-10,12.7,30812.4,30825.1
2024-10-11,12.7,30732.21,30744.91
2024-10-14,12.7,30982.5,30995.2
2024-10-15,12.7,30958.2,30970.9
2024-10-16,12.7,31121.01,31133.71
2024-10-17,12.7,30936.33,30949.03
2024-10-18,12.7,30861.0,30873.7
2024-10-21,12.7,30800.25,30812.95
2024-10-22,12.7,30739.5,30752.2
2024-10-23,12.7,30571.83,30584.53
2024-10-24,12.7,30763.8,30776.5
2024-10-25,12.7,30703.05,30715.75
2024-10-28,12.7,31065.12,31077.82
2024-10-29,12.7,30921.75,30934.45
2024-10-30,12.7,30916.89,30929.59
2024-10-31,12.7,30681.18,30693.88
2024-11-01,12.7,30277.8,30290.5
2024-11-04,12.7,30897.45,30910.15
2024-11-05,12.7,30897.45,30910.15
2024-11-06,12.7,30690.9,30703.6
2024-11-07,12.7,30632.58,30645.28
2024-11-08,12.7,30253.5,30266.2
2024-11-11,12.7,30217.05,30229.75
2024-11-12,12.7,30180.6,30193.3
2024-11-13,12.7,30212.19,30224.89
2024-11-14,12.7,30197.61,30210.31
2024-11-18,12.7,30231.63,30244.33
2024-11-19,12.7,30345.84,30358.54
2024-11-21,12.7,30034.8,30047.5
2024-11-22,12.7,30622.86,30635.56
2024-11-25,12.7,30537.81,30550.51
2024-11-26,12.7,30775.95,30788.65
2024-11-27,12.7,30156.3,30169.0
2024-11-28,12.7,29475.9,29488.6
2024-11-29,12.7,29723.76,29736.46
2024-12-02,12.7,29616.84,29629.54
2024-12-03,12.7,29811.24,29823.94
2024-12-04,12.7,29828.25,29840.95
2024-12-05,12.7,30255.93,30268.63
2024-12-06,12.7,29757.78,29770.48
2024-12-09,12.7,30073.68,30086.38
2024-12-10,12.7,30321.54,30334.24
2024-12-11,12.7,30766.23,30778.93
2024-12-12,12.7,29820.96,29833.66
2024-12-13,12.7,29556.09,29568.79
2024-12-16,12.7,29213.46,29226.16
2024-12-17,12.7,29548.8,29561.5
2024-12-18,12.7,28698.3,28711.0
2024-12-19,12.7,28669.14,28681.84
2024-12-20,12.7,28929.15,28941.85
2024-12-23,12.7,28601.1,28613.8
2024-12-26,12.7,28664.28,28676.98
2024-12-27,12.7,28494.18,28506.88
2024-12-30,12.7,28496.61,28509.31
